22.095854,0.01299272,21.852274,21.911657,22.43209,0.5798168,2.5861263,0.0,9.830785,0.0,0.06291134,0.5541569,0.021382896,0.061176836,0.09201699,0.07063409,0.6663844,0.483823,0.64082384,0.1617961,0.010712694,0.8104085,29.388952,0.529822,1.5337849,4.094637,11.020214,0.77552253,17.272202,0.5535138,0.006114168,0.51939607,0.57721543,0.28697345,5.6380467,0.13081174,9.639597,0.0943319,37.337807,0.117906205,533.06415,0.21588355,1395.6613,0.055937238,-132.32489,-0.6522829,1539.584,0.10261638,1124.2684,0.12720197,-135.55853,-0.60551816,2708.618,0.08610809,1117.3352,0.1668094,-142.31831,-0.5162998,-14.095664,-0.06463161,32.88281,0.0753682,0.019115558,0.27327308,0.022610633,0.14850157,0.011938611,0.68009984,46.466732,0.055620674,3.2597768,1.2551692,4.1746697,1.3943182,22.834745,0.1921203,-12.899316,22.28473,-0.004541201,0.018748691,0.01196781,2.4390244,2.777778,0.12,0.0,0.105,0.0049999994,-51.563152
24.787922,0.10523484,22.662624,23.91643,27.102234,4.4396095,96.84996,44.021313,56.742405,0.0,0.051529277,0.81057864,0.018659908,0.032799732,0.09589127,0.07723136,1.1832042,0.9706372,0.93554366,0.88352805,0.009856983,1.0031234,22.616402,0.60332966,6.700805,1.4246303,13.960682,0.5520831,13.211325,1.051676,0.030498527,0.88950074,0.5786281,0.61428684,5.7369075,0.15638916,4.0994306,0.8430345,26.014923,0.2859016,523.2019,0.2931349,1312.9597,0.14630434,-153.17491,-0.5063666,1688.4954,0.1425885,927.8191,0.22950377,-156.92482,-0.45615444,2653.8428,0.10389154,1050.6505,0.3238884,-158.235,-0.439103,-19.324049,-0.26283687,26.19299,0.21223965,0.01252006,1.4619033,-0.013289669,-1.2450321,0.019294746,0.590059,39.327038,0.16827141,7.87694,0.9949917,21.705719,0.31848145,22.110878,0.6764943,-15.375783,25.34843,-0.017223815,0.018316036,0.007138353,3.0534353,2.3809524,0.09666667,0.080138765,0.29999998,0.29709706,-50.981815
28.27326,0.06819569,27.230982,29.232473,29.580334,2.349352,24.80158,11.336456,5.0775585,9.509793,0.14959891,0.44372573,0.08552724,0.14848652,0.23098776,0.14546052,1.1251668,0.34442285,0.9121216,0.27520812,0.019771386,0.5236095,37.877846,0.2963886,4.809585,2.4071124,15.380837,1.2221785,10.59127,0.887508,0.015744328,1.5070786,0.57423043,0.9440136,8.747995,0.19923383,3.4788094,1.2424852,26.305965,0.27618545,611.5154,0.38841558,1408.6199,0.1546731,-42.21447,-1.5404145,1639.9006,0.17214292,1059.9951,0.21490647,-50.231785,-1.2144,2695.0286,0.117530294,1067.1023,0.2794801,-56.703106,-1.0201874,-16.347101,-0.41274467,25.750332,0.23931731,0.024091259,0.86598516,-0.010297281,-1.1327049,0.021201963,0.49634412,40.10728,0.26578334,3.6265876,3.3454132,16.367027,1.1968268,10.779032,0.83414036,-16.835798,27.337563,-7.474173e-05,0.005332622,0.01676368,3.0927837,2.1739132,0.38,0.16999997,0.06,0.029999997,-42.04721
19.608282,0.0606209,18.471663,19.633955,20.652885,2.181223,76.65971,80.537575,16.282846,8.584568,0.079167396,0.5960051,0.032177556,0.07282752,0.12307183,0.09089427,0.96522754,0.5532724,0.71997905,0.5022999,0.013374942,0.6365516,25.462276,0.54157925,3.4123893,2.7817688,14.010487,0.89163005,9.320341,1.0731301,0.014840972,0.70448357,1.0430019,0.56479055,3.537296,0.3894951,12.5635605,0.4224011,23.918882,0.27498356,496.92313,0.297304,1309.5927,0.154204,-122.84081,-0.747297,1512.6102,0.12975876,1008.0336,0.29025197,-127.0166,-0.6848543,2496.2256,0.09730261,1016.58545,0.32723755,-129.20378,-0.6520204,-14.416621,-0.32682738,22.422588,0.23201962,0.0035811109,4.580086,-0.006469001,-1.6222293,0.018418027,0.42195797,36.158546,0.14998685,0.8735464,10.604595,15.700289,1.0268143,9.823537,0.899553,-12.550494,20.832922,-0.0041705132,0.013386625,0.010091376,3.3946254,1.7094017,0.22749999,0.21413098,0.3375,0.2747461,-50.540123
20.835447,0.0057430393,20.72979,20.832153,20.939789,0.20999908,0.0,0.0,-0.076203346,0.0,0.042710822,0.33643392,0.026347307,0.045334302,0.05752473,0.031177422,0.049901884,0.038685136,0.14585227,0.024072254,0.0052873804,0.33587694,20.258656,0.1879889,-3.301385,-2.0224397,16.04831,0.49183255,31.158949,0.34924766,0.011766176,0.0,1.0435319,0.15260325,4.6939425,0.023626192,0.91573673,0.22621694,20.268574,0.18816532,726.5076,0.18834597,1211.0525,0.08961115,-185.9723,-0.25449902,1723.4099,0.12522312,1515.484,0.49009532,-186.46402,-0.24490744,2853.2275,0.16897668,724.3181,0.085781105,-187.02931,-0.23420772,-15.607625,-0.045896713,23.28776,0.016427947,-0.024196163,-0.049383067,0.034897536,0.05050684,0.0055468096,0.17241906,26.83248,0.018780362,5.772853,0.14272067,22.82435,0.072545595,37.911385,0.050344042,-10.023178,21.049088,-0.024924424,0.038738407,0.005629573,3.7037039,2.0408163,0.03,0.0,0.44,0.0,-59.047768
19.766489,0.05812333,18.832426,19.391273,20.552818,1.7203922,28.935066,43.08518,11.699589,5.8313246,0.10826076,0.5502944,0.056462202,0.100073114,0.15422127,0.09775907,1.1089846,0.57837343,1.0184251,0.6790582,0.018533934,0.53918195,27.455717,0.54165983,2.4400861,5.2899895,16.322481,0.9035982,3.7291923,3.7101998,0.014147261,1.1224917,0.9075483,0.70370054,3.4678195,0.36674583,6.7717724,0.48049504,22.070797,0.41820297,627.61725,0.40306467,1254.5402,0.15793997,-82.65782,-1.0922197,1655.8517,0.17616187,912.7547,0.2916008,-89.577194,-0.95620143,2712.056,0.12476961,896.9802,0.20913291,-92.43248,-0.89854974,-12.946953,-0.5952033,20.61178,0.36840484,0.0159057,1.2433758,-0.0059775743,-2.5037444,0.022158045,0.38861752,37.227196,0.17361611,-0.23799434,-59.103485,15.564761,1.1393616,2.0373628,7.9436235,-11.798145,20.177711,-0.01228762,0.01570466,0.014150493,5.1401873,2.8708136,0.20166665,0.19488601,0.10714286,0.054958243,-47.385033
19.71309,0.0656315,18.650145,19.435223,20.690178,2.0400333,48.96788,71.8089,17.53831,10.7703905,0.0826251,0.6411076,0.034685165,0.07761578,0.10982202,0.075136855,1.0903715,0.7203633,0.876216,0.51109165,0.015086494,0.7612245,27.48029,0.49927065,5.3250303,2.3170598,15.758982,0.9762423,6.006201,1.9254045,0.016126074,0.88719994,1.1452719,0.77766883,3.4885569,0.43403375,10.047575,0.6367768,25.708414,0.33199397,557.6385,0.3559925,1300.5967,0.1437906,-104.55403,-0.8818285,1630.3629,0.15242423,974.0509,0.29589182,-112.090034,-0.75878984,2652.9016,0.109965414,1061.8135,0.3811966,-113.980194,-0.7290954,-15.716569,-0.35816023,24.478815,0.33328885,0.012137386,1.3040075,-0.0098465355,-1.3038974,0.018032754,0.6616003,36.67519,0.18285656,5.9843655,2.1378179,16.151749,1.0766325,4.8294168,2.3266473,-12.484297,20.506138,-0.007011899,0.013184345,0.012467288,4.389313,2.6974952,0.17285715,0.15261663,0.153125,0.10134833,-49.43901
19.613014,0.09693334,17.93176,19.194008,20.775879,2.844118,185.71477,180.58836,17.021955,7.1713653,0.0782436,0.5231578,0.033003584,0.07857793,0.1175451,0.084541515,1.0453144,0.6847383,0.8759136,0.47986206,0.013584678,0.6009351,27.884346,0.5165265,3.1839893,2.95171,11.273908,1.0659612,9.889317,0.9296458,0.017536968,0.9460374,0.8723781,0.91643286,3.805438,0.33424637,10.031014,0.41437495,25.970089,0.2720852,501.52298,0.3319579,1312.4814,0.1412957,-111.60246,-0.8351073,1498.6505,0.1263877,1036.6221,0.29366863,-116.823906,-0.7480153,2544.1592,0.108289324,986.6996,0.23693478,-120.43281,-0.6947776,-14.785372,-0.3284365,23.674938,0.21675122,0.013193903,1.1641734,-0.0040528155,-2.2262447,0.018023778,0.48312077,38.97063,0.09876192,0.6686029,14.289516,13.6881485,1.0329448,9.87744,0.9162813,-12.803941,22.643545,-0.009024779,0.01838581,0.010236433,4.4368606,2.4305556,0.17999999,0.10281745,0.21142857,0.12333792,-50.3054
20.875408,0.040009174,20.046904,21.280958,21.45029,1.4033871,81.596146,75.44853,17.321066,15.334509,0.076054096,0.45123672,0.042554863,0.07801442,0.11192824,0.06937338,0.62359846,0.20229195,0.6160539,0.27884445,0.0122792,0.587383,25.465393,0.67456704,1.5998793,5.020578,15.995331,0.7498935,11.937931,1.1596515,0.01773752,0.88900775,1.0895821,1.1194662,4.273026,0.31791443,12.807651,0.4496439,29.046238,0.1662815,635.40875,0.33134604,1411.4315,0.10060306,-115.49145,-0.7517231,1647.2043,0.14501727,1229.5767,0.3451665,-118.92125,-0.699621,2706.751,0.10129501,1025.4117,0.29360417,-122.500404,-0.64868397,-16.356783,-0.21622458,26.139996,0.1755694,-0.0024810052,-4.5212965,0.0016185305,8.820126,0.015557507,0.48609048,39.43289,0.078751296,1.2592337,5.126588,13.848137,0.6066151,15.911323,0.7731932,-8.325601,18.151854,-0.014792019,0.017485108,0.010408103,5.0000005,3.478261,0.122499995,0.059739016,0.11399999,0.0344093,-51.022167
19.252182,0.023082003,18.908455,19.084934,19.821163,0.9127083,5.8800697,0.0,10.0490675,2.4067066,0.09468009,0.44714627,0.046625003,0.10634042,0.1315756,0.084950596,0.04235536,0.3652908,0.5273647,0.0,0.013426687,0.38229993,37.067383,0.24416387,-2.6572616,-1.5615143,2.7290747,2.362155,19.51653,0.3761636,0.010395199,0.60317653,0.70210975,0.37554622,4.4165053,0.10284519,14.718485,0.25148246,28.114752,0.10804228,466.0923,0.20880179,1419.828,0.08920738,-51.40828,-1.4489836,1396.041,0.1204763,1189.8978,0.17584273,-56.177063,-1.2882262,2438.388,0.11126619,1011.48114,0.15057655,-64.84303,-1.0457177,-13.7905855,-0.14346309,25.338097,0.045405682,0.00038754125,18.930372,-0.005009244,-1.2845587,0.01692936,0.19345067,42.52386,0.0842811,-2.6997857,-0.9510565,1.8080354,3.5386143,17.738087,0.41600043,-17.829487,25.143366,-0.03700391,0.0117279,0.00947857,3.0303032,3.5714285,0.21,0.0,0.049999997,0.0,-48.09596
23.44727,0.15910482,20.249119,21.606182,27.232204,6.9830856,37.823124,17.630173,28.049232,14.084979,0.12326564,0.39870927,0.0801173,0.12404248,0.1639,0.0837827,0.870037,0.475645,1.1866138,0.35589147,0.021274885,0.4935716,34.611855,0.29677412,9.070179,1.4517756,19.293293,0.8514368,6.11281,1.3136897,0.025836447,1.1873168,1.0788584,0.72202784,5.375209,0.44071487,8.889805,0.757581,29.537746,0.3064127,541.3669,0.41207582,1387.9644,0.13850693,-33.930206,-1.7927462,1614.3091,0.15811625,1043.495,0.2556269,-45.881443,-1.2024292,2675.7944,0.13332804,1032.213,0.28841653,-50.89418,-1.0451318,-18.408627,-0.388698,26.494242,0.2853589,0.00937959,2.0358784,-0.009255032,-1.2389164,0.022983529,0.43891782,36.301258,0.26149872,9.305089,1.4584904,20.466665,0.82514733,6.0140796,1.3638102,-15.772145,23.784473,-0.008492311,0.0027706611,0.015263866,4.43038,1.9607843,0.43666667,0.2217105,0.053333335,0.026246693,-43.544666
20.263449,0.019190364,19.875652,20.232595,20.52896,0.65330696,5.6138263,0.0,1.0394351,6.025318,0.08497454,0.36059648,0.05771574,0.0704391,0.11639361,0.05867787,0.16594255,0.12506342,0.3454107,0.06536178,0.009493224,0.36094218,29.529976,0.3159579,-0.64345086,-16.222435,11.503864,0.63969994,20.9642,0.7383026,0.007490016,0.688535,0.63270766,0.70450395,4.7569327,0.18727814,13.638271,0.28802615,32.26716,0.20045476,774.7072,0.2989888,1285.3435,0.22261694,-78.725945,-1.1104318,1796.0186,0.17203729,991.1693,0.21559303,-81.850876,-1.0395072,2891.4893,0.10835102,1042.2324,0.20600833,-88.50912,-0.90658665,-15.431806,-0.1913503,25.444113,0.10038846,-0.01248446,-0.6204216,0.0029107716,7.668055,0.011637304,0.25806576,36.229996,0.13107207,6.051282,0.8562111,8.246887,0.83020467,13.751708,1.1897836,-6.832766,14.836721,-0.019012863,0.031654723,0.007386331,1.754386,1.923077,0.32999998,0.0,0.17,0.0,-49.74928
21.686121,0.093715206,19.436079,21.621096,23.930065,4.493986,11.468942,4.5826936,19.734829,4.2146497,0.07667237,0.4687711,0.03819145,0.08140116,0.11027497,0.07208352,1.0146142,0.6066283,0.3910436,0.32860032,0.011201423,0.6045313,30.44081,0.3389923,5.836736,1.8769513,15.597428,0.9799528,11.516318,0.88046724,0.017916027,0.89124185,0.8605419,0.98665744,5.1908746,0.3174261,9.960619,0.67465,28.202343,0.26920292,625.27673,0.3441977,1430.8866,0.12721355,-75.04446,-1.1445704,1690.8724,0.15009303,1049.578,0.2644284,-82.14289,-0.9867933,2746.5989,0.107397065,1052.0636,0.3860595,-85.87932,-0.9129602,-17.976715,-0.33618444,26.25004,0.29556867,-0.003609896,-4.2078934,-0.0072596692,-1.6733879,0.013421842,0.5096315,35.52259,0.18642308,8.715867,1.2970704,18.832283,0.88504916,11.095374,0.89903,-12.593919,21.023613,-0.014480036,0.01580003,0.007658794,3.6082475,1.5873016,0.4133333,0.266625,0.19666666,0.11614167,-48.14427
21.152718,0.03445068,20.399387,21.329645,21.88633,1.4869423,0.0,0.0,-0.17257166,0.0,0.040302694,0.50490177,0.017626544,0.035437357,0.06556647,0.047939926,0.0014813928,0.0,0.13662392,0.0,0.0037362378,0.46728835,21.110952,0.3477613,2.1755033,3.2572901,13.701281,0.54098475,23.214996,0.5678454,0.012213148,0.37722555,0.44236764,0.49239686,5.609116,0.107686505,11.525453,0.14515391,34.613556,0.2033937,1003.673,0.1095186,1142.0969,0.15654439,-148.85292,-0.52950346,2040.3467,0.09390106,1001.69867,0.2648871,-149.75806,-0.51776457,3291.1135,0.13061082,1223.0684,0.17566955,-152.64508,-0.48027787,-16.312634,-0.050260693,24.17814,0.055736475,-0.015540869,-0.3809675,0.03303457,0.15662846,0.005233774,0.12144779,28.769354,0.010301791,5.000233,0.41600615,19.495949,0.047761787,33.6957,0.0470883,-10.967136,19.974932,-0.017744966,0.02855206,0.0036115905,0.0,2.4390244,0.11,0.0,0.28,0.0,-56.590534
23.722368,0.14892074,20.035755,23.766119,27.812443,7.7766876,204.46724,147.99057,12.043433,6.6761184,0.10281925,0.5895683,0.036790285,0.10525142,0.15707207,0.120281786,0.9982505,0.60283065,0.87746745,0.553203,0.013842991,0.6386754,31.993835,0.4605555,1.6959059,5.3438354,11.352694,1.0779574,3.3423731,3.7608526,0.014891631,0.8271906,0.64728403,0.9488204,6.121545,0.45064893,6.1370683,0.87456,27.995855,0.22287507,576.96906,0.34050834,1441.1882,0.14320563,-92.09181,-1.0118577,1635.1431,0.17683843,1176.3206,0.2549568,-100.01873,-0.8524685,2679.4895,0.12638925,1039.6826,0.37054425,-103.26094,-0.7997007,-17.718134,-0.28402665,25.71395,0.19354522,0.02241992,0.83837175,-0.0121603245,-1.128288,0.017888727,0.47060248,42.26149,0.10643653,3.579093,2.5204313,13.499621,0.88617957,1.3590134,8.872066,-9.554747,18.503954,-0.0060507315,0.012934353,0.009017939,2.970297,2.0134227,0.27166665,0.22593634,0.24399999,0.23508297,-45.49112
17.680784,0.052438408,16.587719,17.682068,18.684027,2.0963078,14.227539,0.0,-10.630877,0.0,0.07900399,0.3621523,0.0584403,0.08019431,0.104328014,0.045887712,0.4478645,0.20657323,0.37401056,0.12390142,0.012033893,0.5648229,20.532944,0.6897725,0.72159356,11.028323,0.41103446,25.66514,2.1991687,5.5906606,0.018350916,0.64203066,0.7931205,0.4618918,2.7473795,0.3860951,7.6919713,0.46586892,25.719969,0.13637255,695.33826,0.29051453,1367.9814,0.2088739,-140.93819,-0.6192863,1726.5012,0.19771509,1202.8546,0.3814418,-143.66566,-0.5802376,2716.1318,0.0860971,1068.4553,0.42676508,-145.4834,-0.5547734,-13.832924,-0.30279255,22.87207,0.10790824,0.0005282188,34.260372,-0.012720469,-1.3937579,0.013539428,0.42183754,32.670124,0.15957901,6.3725367,0.781639,2.6694984,3.0844762,-3.396396,-4.0193157,-5.5648904,15.084227,0.0015836725,0.012161557,0.0120224245,4.166667,0.86956525,0.35,0.0,0.385,0.13499999,-54.384914
0.0,0.0,0.0,0.0,0.0,0.0,0.0,0.0,0.0,0.0,0.5500722,0.69489664,0.17068449,0.47536427,0.88603693,0.7153524,0.12759224,0.0,4.585149,0.0,0.33276463,0.9412912,11.333872,0.39254886,-3.587307,-2.8427646,23.456673,0.35546905,10.727846,0.99227107,0.0,0.0,0.0,0.0,0.0,0.0,0.0,0.0,0.0,0.0,0.0,0.0,0.0,0.0,-201.0,0.0,0.0,0.0,0.0,0.0,-201.0,0.0,0.0,0.0,0.0,0.0,-201.0,0.0,0.0,0.0,0.0,0.0,0.0,0.0,0.0,0.0,0.0,0.0,0.0,0.0,0.0,0.0,0.0,0.0,0.0,0.0,-10.631333,19.793968,-0.048924632,0.015286066,0.37699524,0.0,0.0,0.0,0.0,0.41,0.0,-24.994572
26.483257,0.100166194,23.320566,27.180323,28.80699,5.4864235,23.997309,6.5466356,27.248283,0.0,0.14966029,0.5190915,0.07253748,0.14558022,0.2135889,0.14105141,1.4310561,0.649389,2.0529146,1.0163921,0.025536733,0.6472406,21.477077,0.8983546,0.73386335,14.046851,18.310486,0.3960115,2.2631388,5.6716123,0.011363639,0.52286345,1.1671594,0.80404943,6.5545154,0.30643037,10.026035,0.772145,25.530577,0.23740819,675.7934,0.34686205,1402.163,0.20772776,-91.20339,-0.9698496,1605.2627,0.15831721,1076.0156,0.18371081,-91.26957,-0.9395593,2659.5352,0.11467141,805.25867,0.21786639,-95.12492,-0.8688443,-14.201322,-0.3824792,22.286057,0.2837368,0.02085703,1.3667825,-0.0018120869,-7.4921627,0.030435916,0.52151376,32.929016,0.28281128,3.0586486,2.9642107,17.74225,0.44254175,4.8382106,2.6359556,-1.928987,9.028714,-8.6409986e-05,0.01515319,0.022332488,4.494382,2.3809524,0.24499999,0.014999999,0.155,0.11499999,-43.23817
25.288122,0.07176422,23.884274,25.05446,27.204437,3.3201637,96.556274,116.291374,18.771475,11.574499,0.14903815,0.61348265,0.05390568,0.14280319,0.22169515,0.16778947,1.2687538,0.80218744,1.6951994,1.0554719,0.02586697,0.8410855,24.573997,0.7924111,2.5694728,3.3358898,16.644781,0.862516,6.330535,1.6322153,0.01163344,0.9008195,0.8299821,0.7261926,6.4657507,0.23518124,5.0960417,1.3243487,27.010845,0.28215188,529.00226,0.3975688,1414.8514,0.18841389,-87.26761,-1.0758349,1551.6599,0.14016229,1028.6277,0.26706892,-93.15918,-0.9374869,2574.0396,0.11675555,1010.68616,0.24870384,-96.66105,-0.8738871,-15.26586,-0.28419715,24.777338,0.26939404,0.025721138,0.77712035,-0.0062194103,-2.0574508,0.034130912,0.65087765,37.76987,0.23934795,2.0027118,4.427776,18.45405,0.8988388,7.7298594,1.3331709,-6.2420754,14.892135,-0.0050488105,0.01859224,0.014880578,4.0498443,1.5822786,0.364,0.18161497,0.205,0.18472953,-41.55187
19.649714,0.05544384,18.531935,19.464117,20.659595,2.1276608,20.06996,0.0,5.853673,5.880208,0.09078836,0.5418993,0.054390594,0.0859088,0.14720128,0.09281069,0.7635124,0.56239575,0.76895446,0.3459322,0.014261345,0.63970846,21.428146,0.8696206,2.4235387,3.3185165,13.02683,0.55139,1.1220394,8.557374,0.018161625,0.87938076,1.1184477,0.99125254,3.3465738,0.36873558,12.829981,0.6122037,21.29137,0.2634156,441.39273,0.2085874,1374.5515,0.1414611,-111.87362,-0.8209501,1400.7225,0.13675064,1055.2806,0.1179514,-116.61797,-0.7448159,2457.931,0.07984815,953.35657,0.41070315,-119.10873,-0.70735586,-13.4296,-0.33256817,20.412695,0.2170314,0.0121084815,1.1207806,-0.005546992,-1.3009821,0.020507244,0.38297406,38.98373,0.097359434,-2.2028205,-3.6920469,12.410035,0.57760495,5.831895,1.6566399,-6.7653904,15.506385,-0.008405349,0.01326168,0.010759073,5.2083335,3.2967033,0.13,0.05715476,0.15333332,0.09533567,-49.655453
27.27771,0.045814857,26.511255,27.423037,28.017172,1.5059166,9.253446,13.832337,11.386776,6.5357513,0.13131374,0.726614,0.053774226,0.10952909,0.1841619,0.13038768,0.8255203,0.74173325,0.5093336,0.14326814,0.015915759,0.7965669,34.66941,0.36434585,3.3907824,2.4226928,7.383821,0.97306424,5.858306,1.9687454,0.013914477,1.8389246,0.8047305,0.9412278,8.573742,0.14325236,6.091002,0.6612266,28.339642,0.16646421,801.28723,0.21256474,1353.544,0.1151248,-59.061707,-1.3201615,1857.9231,0.11818871,1203.5214,0.27124256,-67.78048,-1.07134,2854.1753,0.09235107,1142.8688,0.19831248,-72.5834,-0.96164566,-17.96682,-0.2615375,27.687794,0.18149547,0.015264454,1.6799139,-0.012232289,-1.21621,0.019167358,0.6945948,41.412083,0.14392254,4.5808764,1.8770579,7.5091887,0.9044215,7.3310437,1.6051692,-11.687069,19.745232,-0.014724782,0.005226423,0.007580221,1.2658229,1.3071896,0.575,0.155,0.17,0.12999998,-42.06087
22.444887,0.12373076,20.440302,22.115433,24.181915,3.7416134,182.42981,174.2649,16.438017,13.6447935,0.112527944,0.5987174,0.051695384,0.10288823,0.16067004,0.10897466,1.3663558,0.92168677,0.98197573,0.69018245,0.018458182,0.8199778,28.286999,0.5475566,8.338597,1.3787035,16.686552,0.93396723,7.266811,1.7575918,0.011555066,1.0184768,0.8174454,1.0549645,5.534809,0.32888812,8.868817,0.5514716,31.382397,0.28669438,613.67285,0.35016644,1367.2378,0.14767408,-81.24138,-1.0972295,1703.0994,0.16995578,1057.7089,0.39592493,-88.17344,-0.9463449,2742.6797,0.13179272,1079.3451,0.35186136,-91.78623,-0.8785348,-18.028769,-0.36838233,26.116053,0.26815018,0.010969951,1.6511296,-0.01013033,-1.4984306,0.0211191,0.79200125,37.23471,0.20186825,10.22808,1.127888,18.252518,0.9397273,6.4682856,2.1520202,-9.922768,19.099396,-0.009491429,0.017320503,0.0141871795,3.0501091,1.9736842,0.30833334,0.22035953,0.1761111,0.16717052,-44.125626
0.0,0.0,0.0,0.0,0.0,0.0,0.0,0.0,0.0,0.0,0.114717245,0.69303995,0.02131824,0.11577575,0.18652886,0.16521062,0.9501738,0.6959304,2.2644405,0.8262825,0.02716375,0.7869427,24.245136,0.5157347,2.4375048,3.846662,14.645409,0.75383604,4.624546,1.2011634,0.0,0.0,0.0,0.0,0.0,0.0,0.0,0.0,0.0,0.0,0.0,0.0,0.0,0.0,-201.0,0.0,0.0,0.0,0.0,0.0,-201.0,0.0,0.0,0.0,0.0,0.0,-201.0,0.0,0.0,0.0,0.0,0.0,0.0,0.0,0.0,0.0,0.0,0.0,0.0,0.0,0.0,0.0,0.0,0.0,0.0,0.0,-11.422244,19.06351,0.01833861,0.0015138477,0.031544622,2.5000002,0.0,0.0,0.0,0.34,0.0,-45.888023
26.582174,0.025377087,25.798512,26.817463,27.243599,1.4450874,4.377734,0.24859428,1.5958186,3.5722842,0.03856076,0.20072383,0.033045977,0.03790476,0.043595713,0.010549735,-0.104685284,0.0,0.031240435,0.0,0.003973386,0.29769364,28.854996,0.12116485,13.213677,0.21178608,29.69282,0.1528842,32.258823,0.17228645,0.012914193,0.39830157,0.46846032,0.42971185,8.89464,0.029506443,-2.415158,-1.7556459,22.44503,0.24441122,1078.3849,0.17492911,1259.3239,0.12544015,-53.70259,-0.8765047,2097.7747,0.09377306,1070.2336,0.19110157,-53.153145,-0.8641163,3327.9756,0.08649875,1263.0679,0.23502965,-60.185993,-0.730024,-26.59612,-0.04470848,35.74533,0.044636853,-0.040228765,-0.21863875,0.022957778,0.19348815,0.004071893,0.2942372,30.055004,0.039951894,13.572099,0.18652783,30.829805,0.07357136,33.58337,0.089145765,-23.813892,32.386528,-0.036035776,0.02439795,0.004192834,0.0,1.1627908,0.77,0.0,0.07,0.0,-52.11271
23.520103,0.14890812,20.004501,22.92868,27.590628,7.5861263,137.28188,129.26181,19.588482,13.131431,0.1242115,0.652069,0.05543696,0.1083117,0.1787934,0.12335644,1.3203336,0.944615,1.1656145,0.8328912,0.018965902,0.78727216,27.061338,0.6440379,5.1935577,1.8234475,14.618344,0.82082844,6.614821,1.7667142,0.011660253,0.9643882,0.6339641,0.73954266,6.0766463,0.38774332,5.6891007,0.82964975,29.22759,0.32170874,581.2836,0.37687424,1376.9564,0.16460726,-83.93437,-1.0950681,1617.883,0.16852167,1057.835,0.28317606,-91.09275,-0.9433845,2668.3643,0.13165523,1077.2316,0.3235487,-95.45292,-0.8653009,-16.964607,-0.321766,24.690334,0.27429667,0.018209778,1.0435817,-0.008929895,-1.7481737,0.022504691,0.6801171,38.59141,0.18544142,5.826012,1.6717257,15.767699,0.7786126,6.297008,2.0706854,-8.837621,17.546156,-0.01049647,0.0170969,0.014038757,3.5916824,1.7175573,0.3433333,0.26436508,0.2188889,0.21558417,-43.33476
23.858831,0.13288507,20.382034,23.910873,25.939455,5.5574207,39.848404,36.42852,16.921165,7.279959,0.13574955,0.6790172,0.060199752,0.12940884,0.15789509,0.097695336,1.7164589,1.6644403,0.8563648,0.77745086,0.022231046,0.98125803,29.873127,0.50928617,5.769318,1.9682275,16.416052,1.1532835,7.4033012,1.7953187,0.0109402,0.9586672,0.7150908,0.7162527,6.3336487,0.28536505,6.2312245,0.88522154,31.464891,0.3155699,584.4288,0.3846633,1353.8566,0.15488406,-61.4898,-1.3622013,1632.3538,0.16279678,924.54443,0.30912897,-69.325386,-1.1289909,2739.6921,0.12136087,1039.6897,0.33442622,-75.12643,-0.9958876,-16.78219,-0.3813296,26.848963,0.29003578,0.01364934,1.6254112,-0.0049362113,-3.415514,0.026334088,0.90111214,36.81559,0.22620673,8.980027,1.2312598,17.733042,1.1758149,8.690566,1.3570888,-4.839484,12.844541,-0.0053986814,0.02053525,0.012529102,2.4096386,0.8196721,0.885,0.445,0.305,0.225,-41.025
20.358528,0.097241335,18.618431,20.347942,21.686844,3.0684128,99.80832,153.07764,26.682867,16.306156,0.09096297,0.52049565,0.048840396,0.08572638,0.12834105,0.07950065,1.028988,0.6990391,0.8128704,0.5170054,0.015162572,0.6502242,26.03174,0.661246,4.3000684,2.7280385,14.060779,0.9892125,4.650359,3.0410898,0.01803915,0.98662287,0.8019686,0.8945837,3.8683987,0.43257475,8.362728,0.5917479,29.035206,0.25970006,594.8455,0.33361006,1330.536,0.12669106,-106.610596,-0.87416685,1655.7971,0.17144115,1064.4585,0.3705863,-112.917114,-0.7699381,2685.478,0.11860876,1004.7134,0.27905136,-115.24464,-0.7334814,-17.93511,-0.36447558,25.249487,0.2363568,0.010384781,1.6846095,-0.011309837,-1.6948385,0.017721007,0.5431216,37.87289,0.16633856,7.5848327,1.5504954,15.218122,0.929986,4.4532676,3.5389977,-7.8855557,16.919287,-0.0015437003,0.014292149,0.012948184,3.3967392,2.1887825,0.21312499,0.18667214,0.22375,0.23658706,-48.899933
19.11076,0.06173734,18.364874,18.557968,20.675867,2.3109932,7.1060953,12.824464,23.350266,3.0184877,0.0957005,0.42796466,0.053143106,0.092552096,0.13183652,0.07869341,0.80661654,0.16510774,0.84620434,0.49273285,0.018925685,0.49284938,30.607214,0.50394666,-1.1557026,-11.428853,9.091153,1.6209134,6.4948792,2.6228132,0.016933976,0.6883676,0.8585526,0.4740427,2.3542414,0.58927673,5.563276,0.31490874,30.548973,0.25332865,642.04254,0.3240582,1369.8031,0.10500322,-133.9639,-0.663699,1753.0168,0.18392198,1098.8868,0.30611646,-138.85231,-0.5917717,2810.501,0.13966136,1039.6249,0.14542778,-141.81203,-0.5506213,-19.09449,-0.3347788,26.107265,0.29130253,0.017246667,0.78726345,-0.029051257,-0.7690488,0.021059373,0.33677012,43.29667,0.13050848,8.366438,1.1817582,4.2200403,3.5742657,-1.4615442,-14.031658,-7.446212,15.173021,0.0019089822,0.00458615,0.018789109,5.0,2.222222,0.13666667,0.06599663,0.21249999,0.10985785,-49.92991
24.756735,0.083137035,22.9564,23.930334,27.06837,4.111971,19.087276,5.235694,23.734484,9.804757,0.07190809,0.51029503,0.03490632,0.06435493,0.111400865,0.076494545,1.0496361,0.5940934,0.8174845,0.46262392,0.010618135,0.683538,25.519358,0.59631604,10.333675,0.7460887,22.673489,0.6941132,10.088847,1.4907247,0.013684131,0.75661623,0.6687815,1.1287258,7.158276,0.2632361,8.338341,0.9568264,31.121208,0.20460415,799.6105,0.33106506,1393.3492,0.1594237,-96.8282,-0.8865524,1883.7135,0.13922383,992.2009,0.30316195,-102.16219,-0.78898513,2993.7798,0.1328896,1142.5979,0.2962583,-104.59514,-0.7534083,-20.78512,-0.24791257,28.90684,0.20180151,-0.011660116,-1.1827866,1.4665776e-05,849.53345,0.010248491,0.6580142,34.47522,0.22421329,11.403413,0.667828,26.173683,0.7260773,15.736631,0.7314286,-14.033698,22.585413,-0.02051777,0.01230206,0.011602499,4.109589,1.869159,0.30249998,0.26808348,0.2075,0.11344051,-49.60456
26.973787,0.05677804,25.717575,27.3357,28.386078,2.6685028,0.0,0.0,-0.13735144,0.0,0.09511833,0.4993689,0.040810376,0.09691848,0.14310832,0.10229795,0.150908,0.1716218,0.36442432,0.0,0.0078119836,0.33842233,28.616135,0.39012071,3.4520814,1.5943913,16.695726,0.3378567,10.838604,0.47923353,0.0056644445,0.52450645,0.37180403,0.4884347,8.980902,0.12994088,7.7741294,0.4646025,27.324795,0.12617049,842.0055,0.289611,1613.9769,0.18572155,-72.14686,-1.1041135,1773.1498,0.11238096,1351.1146,0.16530505,-74.29991,-1.0117763,2824.1558,0.079793915,980.69745,0.17772065,-78.545944,-0.92408466,-18.889809,-0.13282156,28.88613,0.12784371,0.008059891,2.370134,0.0018814291,2.5887108,0.009138857,0.20941131,36.009758,0.095411666,5.6362004,0.7807124,17.87154,0.2631576,11.7745695,0.37327796,-9.758344,17.05801,-0.008244468,0.014019705,0.0060792128,1.6393442,1.7857143,0.39999998,0.0,0.14,0.0,-46.15569
23.329756,0.028236223,23.227043,23.563532,23.676125,0.44908142,7.917341,0.19852948,-14.200632,11.466559,0.12649412,0.42462277,0.093354344,0.11724865,0.17760257,0.08424823,0.5645648,0.62839746,1.0273535,0.44155037,0.014041774,0.45464256,35.320595,0.30962464,4.349001,1.7972302,11.255871,0.6972516,13.86276,0.73589784,0.006581975,0.9225103,0.6499395,0.85336316,6.4987164,0.24366112,11.982643,0.22907391,33.09056,0.24515942,772.2524,0.252739,1395.1833,0.14647879,-36.205246,-1.5866708,1769.9098,0.14870743,1196.8547,0.20190096,-43.805225,-1.2473708,2779.592,0.11135521,1104.5251,0.23458093,-49.58949,-1.0624397,-17.418142,-0.28123575,26.243687,0.17641062,0.0035058802,4.0306363,-0.0001480628,-111.41516,0.015377943,0.4098515,39.577766,0.14375533,4.4015384,1.9393771,9.505422,0.7836879,13.714605,0.771311,-20.085003,30.724104,-0.049594257,0.025462136,0.010960483,3.9473684,1.4084507,0.62,0.0,0.07,0.0,-43.490658
22.991034,0.116175845,21.248684,21.714273,24.580536,3.331852,227.25696,216.3088,8.051979,11.013397,0.09941786,0.3804974,0.065139145,0.10503682,0.1309257,0.065786555,1.0314376,0.5753035,0.8559726,0.42186624,0.016788986,0.61573726,32.31245,0.4805821,11.851674,0.7351528,21.026491,0.56530595,10.857471,1.1414185,0.014887936,1.0462482,0.8876134,0.93736535,5.7937455,0.25831646,11.043524,0.84388906,33.241455,0.220254,597.3569,0.34824127,1475.0654,0.16310793,-52.981487,-1.4155089,1700.11,0.13053918,1088.0533,0.29926622,-64.95168,-1.0411079,2773.924,0.10066985,1029.9491,0.25658268,-68.32065,-0.9672312,-21.9394,-0.26567757,28.636454,0.2437981,0.0062745432,3.1304426,-0.011359155,-1.5648129,0.017374614,0.6385261,38.649937,0.20112854,12.90826,0.6890671,21.407402,0.6148903,11.78517,0.945145,-10.58999,17.603697,-0.012892901,0.01357032,0.016764304,4.2780747,2.1978023,0.3475,0.31916884,0.0875,0.041457806,-45.823227
23.513443,0.16788165,20.545916,22.571955,26.838713,6.292797,41.002613,16.398764,44.7203,37.65272,0.082863465,0.6720036,0.03265197,0.07985869,0.11589738,0.08324541,1.1976128,0.7165632,0.35620514,0.34540686,0.016032359,1.0074377,26.243685,0.58163136,7.7205887,1.0785496,16.223202,0.72821975,7.2307796,1.723324,0.034927804,2.4147313,0.96586806,1.0816191,5.544298,0.4786083,6.046157,1.1044669,29.262846,0.19947289,579.5719,0.4088201,1409.1473,0.17099309,-109.07227,-0.82857525,1614.1786,0.16891326,1140.0647,0.31591406,-114.94118,-0.72858864,2678.5752,0.11408788,988.63324,0.2752058,-117.53493,-0.68993795,-18.740545,-0.25069705,26.93407,0.23357445,0.011240919,2.0628693,-0.0017680714,-7.783782,0.016351068,0.5792304,37.43573,0.22034189,9.062375,0.93565094,18.204895,0.7379565,9.696417,1.3932585,-13.530056,23.027233,-0.0133117875,0.014366793,0.016047359,2.5242717,2.9411764,0.156,0.08950232,0.1876923,0.19647484,-47.55417
25.052181,0.083468705,24.042892,25.164549,26.497355,2.454462,98.51887,121.57286,17.713495,10.478055,0.083744496,0.58085215,0.02914275,0.08253741,0.13122779,0.10208504,0.83693284,0.4289727,0.83890027,0.5920418,0.012753329,0.65492076,20.76964,0.85723794,7.77344,1.1668364,20.191319,0.8293511,5.2928524,2.3496013,0.013317951,1.0653567,0.66857785,1.4219825,6.599028,0.32262632,7.3693776,0.90645236,28.265476,0.2886481,571.26776,0.3402947,1370.5514,0.12222425,-127.28846,-0.70177174,1674.9165,0.13991676,928.9577,0.29780015,-132.17535,-0.6248308,2702.6548,0.10906169,1074.0709,0.2586018,-132.8382,-0.6150557,-18.285828,-0.33479837,25.947744,0.273034,0.0129880095,1.7318943,-0.011520757,-1.4497353,0.016781457,0.47509813,35.81419,0.28618452,11.012531,0.78693044,29.238617,0.67539454,7.440773,1.9320358,-9.465624,18.283268,-0.0068869083,0.01574233,0.010370926,4.117647,1.7910448,0.20833333,0.13655482,0.32999998,0.26526716,-47.597813
26.458603,0.16282964,23.270489,25.986856,30.962639,7.69215,63.19787,44.33778,28.623228,17.880756,0.14834553,0.69598925,0.06114927,0.1293531,0.21523449,0.15408522,1.4079181,0.7351337,1.6050209,1.3067588,0.030618597,0.90247566,32.227734,0.45149234,8.766827,1.1806339,15.264323,1.0257369,-1.4385957,-9.340499,0.0178481,1.1505293,0.73773545,0.86328334,6.638315,0.3613223,4.4654617,1.4379567,29.720425,0.24113794,581.6018,0.36781335,1414.749,0.13662833,-59.027847,-1.4156713,1662.1506,0.1661361,1141.0262,0.2477584,-69.48114,-1.0841924,2686.8386,0.10727347,1051.777,0.31007984,-73.58815,-0.98873436,-19.096579,-0.3386559,27.88514,0.19556364,0.030512601,0.9350438,-0.014448582,-1.3919793,0.036831044,0.7910584,37.962326,0.2543302,9.651579,1.1016737,16.257328,1.0512807,-1.7950522,-7.4672728,-13.002479,22.549143,-0.008113866,0.009911241,0.015053883,3.2934132,1.5197569,0.478,0.35734573,0.13166666,0.18845129,-40.063488
28.042086,0.10249755,25.472687,29.31125,30.21938,4.7466927,42.769093,29.099989,6.321603,12.456701,0.11112119,0.74383223,0.017971383,0.10810973,0.17232324,0.15435186,1.0262388,0.67796886,0.74496603,0.58468604,0.017173938,0.923917,28.09727,0.5695914,10.21813,0.8573826,14.932316,0.9775099,0.38669482,27.694242,0.012066368,1.6693434,0.9162938,1.5677947,8.052624,0.30089757,0.6724708,6.49237,27.176945,0.23358461,553.59515,0.32471973,1370.9182,0.14287752,-85.79557,-1.0637307,1601.4993,0.16664276,1128.1376,0.3231257,-94.09919,-0.8959244,2670.9104,0.10895484,980.06366,0.31201625,-98.43891,-0.81804776,-18.455326,-0.35524192,27.07155,0.23346263,0.034501594,0.64354867,-0.018001502,-0.8180691,0.023773508,0.69650954,38.909866,0.26560417,9.712884,1.0466799,14.969137,1.1713436,-2.1531148,-5.104688,-13.936624,23.6201,-0.0031383284,0.015454066,0.00810591,3.0769231,2.1164021,0.275,0.072284155,0.23666665,0.21139747,-43.90385
23.817852,0.11657214,21.052982,24.162506,26.624573,5.5715904,113.708,154.5783,21.161833,10.996278,0.1112642,0.6183824,0.054306082,0.10183185,0.15282631,0.09852023,1.3419367,1.0911891,0.8161542,0.45272955,0.018330788,0.694291,28.387554,0.6493708,6.133122,1.5625149,15.942092,0.9843222,6.2056894,2.0386837,0.01231792,0.97452813,0.6516773,1.369117,5.7160664,0.46969277,4.448011,0.99102175,28.66335,0.23141725,554.9133,0.378444,1419.1876,0.18666023,-95.14586,-0.9651786,1607.4463,0.16466135,1044.0828,0.29281312,-101.86894,-0.8354181,2665.211,0.09882535,1069.9893,0.2605056,-105.28619,-0.77832735,-16.849173,-0.326918,25.516884,0.24530877,0.024567572,0.8384369,-0.0072761574,-2.2148223,0.02249859,0.6596438,40.571865,0.20771003,5.1799088,1.7910961,16.656584,1.0752891,7.447051,1.7132646,-10.645236,19.293379,-0.004547447,0.012998424,0.013789285,3.6363637,3.1578948,0.16416666,0.10797054,0.14363636,0.086683616,-44.68356
20.992609,0.056422185,20.048462,20.93055,21.830242,1.7817802,150.87108,180.4826,18.666544,5.3295655,0.07173344,0.56398237,0.030514807,0.06694347,0.11121536,0.080700554,0.8953804,0.61596507,0.7832034,0.49891612,0.01527151,1.1027234,21.833143,0.56023973,10.452544,1.1858925,23.609955,0.6738096,9.102394,1.1059549,0.013333159,0.7467929,0.6787965,0.7048438,4.9273105,0.28744328,8.787457,0.48910162,29.301147,0.2837231,510.3731,0.33038837,1417.0974,0.18939118,-127.831566,-0.7072905,1694.6895,0.11867495,946.91693,0.5264748,-134.53171,-0.61089706,2663.0356,0.12741743,1203.5397,0.42094988,-134.4016,-0.61198574,-19.33378,-0.2279325,24.282593,0.22672075,-0.0015773845,-12.433228,-0.0074620587,-1.112204,0.018092623,1.1700952,30.98776,0.17119692,17.142544,0.6889546,36.78675,0.3965011,10.135793,1.2209696,-12.354452,20.375238,-0.005320522,0.014045118,0.01394603,4.081633,1.7301039,0.21,0.15658863,0.346,0.18821262,-48.40484
21.306211,0.13223442,19.15975,20.032011,23.702528,4.542778,13.989925,4.0983195,2.24531,4.998688,0.10943706,0.50885695,0.064963415,0.095565416,0.15723312,0.092269704,0.735476,0.45508167,0.6541669,0.3027731,0.016237773,0.542762,36.88476,0.3382203,8.453949,1.1793792,10.114095,1.5952488,5.7008452,2.2281702,0.008274208,0.71452516,0.634011,0.82558596,5.3937163,0.35070208,6.0347867,0.7346435,34.638836,0.17005622,585.0862,0.28585517,1446.4774,0.11460786,-44.51294,-1.6765966,1617.6317,0.13125439,1081.4948,0.2782437,-55.02745,-1.2659258,2774.8733,0.09103245,989.0052,0.29660535,-63.69267,-1.0240128,-17.950981,-0.35161927,30.124804,0.22045256,0.017290043,1.0281749,-0.011942662,-1.3037441,0.016944079,0.479249,41.963696,0.14258005,10.218554,0.91267586,9.278296,1.857208,4.034324,3.1691127,-12.670611,21.488308,-0.011192994,0.01883351,0.015179774,3.6036036,1.3824886,0.5733333,0.15173075,0.13,0.032659862,-44.529476
19.242683,0.04463182,18.242268,19.414387,20.00907,1.7668018,10.90843,7.113913,31.60397,52.033604,0.09904499,0.3903824,0.06626514,0.093987525,0.13199064,0.0657255,0.81844884,0.3602803,0.831786,0.413527,0.016335052,0.4412242,31.736464,0.41361514,3.1433887,3.358678,13.677286,1.047555,7.770193,1.5229751,0.011212655,0.7630063,0.80556816,0.8329669,4.014205,0.26492575,9.978958,0.39664146,28.499939,0.24209642,566.83716,0.33724004,1383.5327,0.13809136,-75.59014,-1.1961571,1586.98,0.16174424,1061.2213,0.25496647,-81.12995,-1.0661515,2616.2393,0.12815532,979.478,0.2816905,-86.22745,-0.96034896,-15.2014065,-0.3404153,23.76432,0.2091357,0.0072834315,1.7103252,-0.0037357777,-2.6291158,0.014679668,0.3532443,36.724834,0.13159743,4.989714,1.9172719,14.829892,0.9773936,9.176739,1.2617953,-8.403514,17.399015,0.0008066038,0.008459177,0.020045009,4.6195655,1.1019284,0.58,0.50343823,0.3075,0.17020208,-49.420532
25.122911,0.14196809,22.671906,23.534548,30.065199,7.3932934,147.87799,111.82928,5.5925965,6.0609536,0.14834577,0.51042724,0.0866153,0.13229021,0.21870545,0.13209015,1.1318526,0.521934,1.4724382,0.48247126,0.024114005,0.5617324,33.52093,0.52462244,3.197362,2.5811784,14.897392,0.8209726,9.206973,0.9370407,0.017848369,1.5120552,0.75114185,0.81558716,6.3983316,0.37929532,7.253674,0.6206755,27.345924,0.19417204,514.4085,0.39424378,1354.1105,0.14308476,-55.605976,-1.4122151,1562.1088,0.16267772,977.5037,0.17556228,-63.997807,-1.1510956,2625.592,0.12763117,1052.829,0.27264956,-70.157455,-1.00025,-15.666227,-0.30127168,24.54952,0.19625086,0.022774778,0.78848106,-0.0074828984,-1.633246,0.027264047,0.5268111,41.900745,0.20531736,0.054908793,118.75477,14.51877,0.92923737,8.919274,0.93442017,-10.776886,19.64347,-0.016741626,0.010901179,0.019646013,4.464286,2.8037386,0.26,0.07348469,0.07666666,0.026246693,-42.056915
27.385115,0.15545796,24.482327,26.61296,30.355923,5.873596,53.526787,46.165142,144.78212,130.40114,0.10720174,0.73796046,0.033133008,0.078657985,0.18735921,0.15422621,2.0204926,1.7586887,2.0732589,1.3295085,0.024583116,0.9307955,24.760036,0.72316176,6.6455975,1.0931845,8.943684,1.0720557,3.467452,3.5748925,0.028399287,1.1489681,1.2618227,0.9930119,6.146368,0.40499908,3.6666126,1.3310218,29.353842,0.17947836,602.46967,0.2947542,1371.5122,0.1556815,-109.39441,-0.8486657,1668.8932,0.14488055,1131.7318,0.20935921,-115.12913,-0.741545,2727.4304,0.0978433,1065.6986,0.33679026,-118.808624,-0.6863356,-19.41599,-0.25377434,28.184256,0.19188806,0.019024653,1.2537977,-0.014928735,-1.2400745,0.040737055,0.5439422,40.668713,0.19598927,7.329782,1.0783125,8.514101,1.1710821,2.7729058,5.3954773,-11.2373085,19.90274,-0.012187478,0.018596677,0.010588013,3.6199095,2.314815,0.19999999,0.07797435,0.212,0.2528557,-43.708767
21.662632,0.14601102,19.073864,20.103813,25.318954,6.2450905,57.81959,47.227245,6.960966,5.394641,0.114808165,0.45802745,0.0551909,0.11846268,0.16087629,0.10568539,1.4622445,0.78706616,0.9293941,0.3813987,0.01699604,0.52203035,36.705498,0.31043306,4.643257,2.9223394,9.511919,1.6624104,1.3653475,8.345425,0.010497465,0.9203006,0.64738494,0.8032327,5.0436864,0.5146244,8.373152,0.6580088,29.870588,0.36467493,645.18024,0.2997696,1402.5768,0.14215674,-56.07744,-1.4454529,1734.613,0.17244129,1052.5292,0.28014877,-66.40015,-1.1360849,2794.4624,0.13133647,1111.3517,0.30017555,-71.684784,-1.0083094,-18.535202,-0.3867636,25.442778,0.27311426,0.02107904,0.71223474,-0.022977417,-0.75722843,0.01997227,0.3981978,42.253002,0.1720782,7.627104,1.5830014,10.022674,1.5492527,-1.6427509,-6.8632355,-11.792684,20.625061,-0.009822041,0.017162312,0.010594681,5.263158,2.0408165,0.35666668,0.27884683,0.11333333,0.03681787,-44.84961
24.615952,0.114455104,21.904358,24.144407,27.71037,5.806011,11.473283,24.618057,25.800896,0.0,0.098911725,0.34591055,0.075664304,0.107411206,0.12676492,0.05110062,0.43404374,0.2609287,0.56430674,0.14115024,0.014460724,0.3482302,29.276701,0.24090219,15.975271,0.4627014,33.84457,0.44356874,9.143374,1.018986,0.017568376,1.4020015,0.5681974,0.7257175,6.8356085,0.2739822,5.1396675,0.8373285,27.796593,0.24917677,606.21893,0.39212167,1389.3429,0.22415027,-57.091026,-1.3624139,1784.556,0.10390568,1035.0137,0.38164955,-71.68077,-0.9657588,2662.699,0.091066845,993.89886,0.30653554,-68.751526,-1.0339006,-20.382074,-0.2324197,25.096392,0.18492588,0.0056163576,3.1196783,-0.0039220173,-2.9692936,0.015175991,0.35676372,30.6616,0.251228,17.139263,0.40644702,37.904015,0.31243798,8.152265,1.3259974,-14.369066,18.248829,0.0034053035,-0.0022564456,0.013817972,3.896104,1.388889,0.53999996,0.0,0.074999996,0.044999994,-45.4458
18.758247,0.12633179,16.812042,17.669918,20.780548,3.9685059,34.38252,9.026321,18.260988,14.204847,0.0861258,0.6172658,0.048456673,0.07637115,0.10857577,0.060119096,0.8969396,0.53149736,0.8939826,0.49067122,0.015937682,0.6924162,29.62658,0.38881493,-0.1235918,-67.69604,16.644823,0.98285174,12.669176,0.85835224,0.023175728,0.707041,0.95469725,0.69686687,2.7765691,0.4935486,10.283109,0.5190128,19.18553,0.33773166,466.60672,0.25870186,1319.3633,0.1656063,-102.73997,-0.9080147,1553.9279,0.10371887,973.27026,0.48900327,-109.15788,-0.7992053,2486.484,0.08664651,1039.1401,0.15895113,-109.090454,-0.8005024,-13.570394,-0.37325293,18.605711,0.29582572,0.005663812,2.9020355,-0.006412935,-1.864535,0.01908249,0.43917096,35.53856,0.1653429,-1.2399894,-7.438047,22.797237,0.88078135,13.758269,0.799408,-11.460533,19.036665,0.0039333166,0.013412671,0.013983842,4.0,2.7586207,0.1725,0.09807522,0.17,0.088034086,-49.418896
20.69899,0.03228712,20.56567,20.85862,21.00034,0.4346695,30.544329,24.196482,-2.1410909,7.552943,0.10173212,0.45666623,0.047112755,0.09966089,0.13853908,0.09142632,1.1335621,0.8969224,0.88393736,0.41972297,0.0155513855,0.5460289,29.206617,0.50481987,-3.2892537,-2.4999604,20.432184,0.6400169,7.4166837,1.2078038,0.011698634,0.892175,0.90233487,0.726554,4.5162773,0.31224683,13.239275,0.30999595,26.81364,0.16959833,466.60513,0.2659768,1346.3845,0.14192916,-106.900345,-0.8827852,1543.6385,0.09837839,1087.139,0.27009177,-112.42086,-0.77725726,2489.2456,0.092766196,1288.1842,0.32440665,-115.06552,-0.73503006,-14.709646,-0.21851093,22.17456,0.18827702,-0.0005096324,-26.91904,-0.011760748,-0.70214397,0.018828124,0.4474641,40.65564,0.1343956,-3.4393167,-1.8318963,16.822535,0.8927243,10.609617,0.6270451,-8.35726,13.261099,0.007898422,0.007566891,0.013777469,3.809524,2.0,0.235,0.125,0.16,0.14352699,-47.692616
17.001808,0.018397713,16.70854,17.022957,17.308365,0.5998249,0.1290057,0.0,0.0,0.0,0.055075526,0.3771964,0.036168795,0.060087822,0.077029936,0.04086114,0.20397985,0.16567239,0.34292853,0.06825191,0.009251918,0.45962036,28.08335,0.27644473,-6.237852,-0.8831069,3.7150111,1.9218882,17.21652,0.4590961,0.01265685,0.069152534,1.2198428,0.27550262,2.4150174,0.16615102,9.123528,0.4132101,19.345667,0.13500367,453.72824,0.13560681,1210.5638,0.04888483,-152.02696,-0.53453237,1472.1818,0.031285275,917.15063,0.06916473,-154.79234,-0.49436444,2421.3127,0.028652227,934.68884,0.17006199,-156.083,-0.4763219,-13.182713,-0.03768268,19.98834,0.029507916,0.013079939,0.33088273,-0.011725631,-0.35870954,0.012181489,0.12133685,35.938324,0.05985836,-2.6045218,-1.1076187,10.586301,0.27524748,17.429714,0.0671283,-10.456749,18.881483,-0.012134676,0.0148124285,0.010185967,6.0606065,3.5714285,0.06,0.0,0.19999999,0.0,-57.340862
24.247908,0.018344225,23.93338,23.93338,24.49953,0.56615067,0.0,0.0,-0.3145275,0.0,0.03207522,0.2096605,0.024056043,0.03345304,0.038497247,0.014441203,0.01067112,0.055088226,0.066545315,0.0,0.0043053045,0.42043787,19.301281,0.3616208,-2.8452818,-2.6725485,21.203955,0.32748935,26.76151,0.34002814,0.0,0.0,0.88835454,0.4319679,3.6205084,0.2631467,9.540521,0.16424379,18.729103,0.07432617,665.70844,0.70241046,1321.9452,0.16235428,-187.29498,-0.18083943,1425.7262,0.00877706,1819.6,0.63853353,-187.93573,-0.17055576,2404.783,0.02105888,959.83356,0.06658873,-187.65204,-0.17473389,-20.715954,-0.05574961,26.716194,0.05872887,-0.042535998,-0.36070058,0.021323439,0.26210168,0.007763343,0.27347502,27.113964,0.08455119,6.900499,0.42683294,32.057667,0.03874243,37.779713,0.13113226,-12.17471,19.673923,-0.02214792,0.027703315,0.004458819,2.3255816,2.631579,0.03,0.0,0.17,0.13999999,-59.72101
23.389994,0.10819824,19.666433,24.64431,25.659483,5.9930496,20.27724,0.0,-18.200874,0.0,0.038662765,0.27161282,0.026306208,0.042437553,0.046632245,0.020326037,0.17685318,0.11928103,-0.03859428,0.13888107,0.005003397,0.4081292,27.302053,0.28722972,7.14223,0.64852154,19.674202,0.35598063,25.487091,0.28944638,0.035103597,1.1637113,0.6794782,0.61050236,6.3138237,0.2574354,8.382941,0.5267986,30.584023,0.21356314,903.7979,0.27493563,1359.4692,0.120627575,-110.32425,-0.7098599,1952.163,0.10622982,926.0069,0.12454204,-108.90996,-0.7084768,3178.4004,0.10833575,1114.1158,0.27009347,-113.891266,-0.64270735,-21.377352,-0.082061216,28.5818,0.10269512,-0.018249555,-0.46769837,0.014437536,0.409785,0.0055495226,0.41047257,31.811268,0.052597623,9.560305,0.21002686,23.42519,0.18396989,29.182093,0.114314236,-18.137375,24.950167,-0.023161797,0.018973736,0.0049035377,4.109589,4.4117646,0.11333333,0.10402991,0.067499995,0.057172973,-55.696083
20.701248,0.07478225,18.943901,20.934301,22.245392,3.3014908,54.468216,64.24273,15.62818,5.0037274,0.08516792,0.47373644,0.040525436,0.08717012,0.12566923,0.08514379,0.7057442,0.28187585,0.53274,0.41963032,0.0116699645,0.5202192,33.46558,0.3442099,2.8255777,3.0189323,15.186907,0.66271126,19.550776,0.6000312,0.011304633,0.9285926,0.9355172,0.91750586,4.834219,0.28015,10.841126,0.394696,29.865623,0.25872955,542.905,0.37835562,1343.5597,0.12639382,-72.83582,-1.2017236,1599.5958,0.1437148,997.0053,0.18313496,-78.95106,-1.0467232,2682.415,0.10127552,1058.3413,0.1875612,-84.597404,-0.93204063,-16.60177,-0.30791506,27.018393,0.26944026,0.0080448175,2.1380877,-0.0046360446,-3.0232563,0.0141263995,0.44131768,40.50394,0.16479081,3.2649486,2.810733,14.718993,0.78587234,19.052307,0.5900567,-13.213064,21.04675,-0.013217434,0.021091068,0.0077545415,1.8518518,1.923077,0.34,0.043204937,0.16,0.092014484,-47.96684
20.37563,0.041452438,19.889597,20.438026,20.816668,0.9270706,156.91316,127.54616,13.631886,10.406564,0.08197001,0.48041293,0.041780777,0.08333646,0.12139944,0.07961866,0.8641504,0.43733773,0.9456619,0.25810596,0.01659566,0.42788848,27.232092,0.50498676,9.343502,0.8488538,18.584652,0.43196747,17.782284,0.5652765,0.015942162,0.7818144,1.2886995,0.58990955,4.3701096,0.20978646,12.292812,0.32148698,28.928633,0.22824952,504.9526,0.265057,1373.7435,0.12747665,-97.1185,-0.9353244,1641.141,0.08887052,1004.20074,0.27418935,-104.80001,-0.80306816,2650.5479,0.08465396,1129.3098,0.19442679,-107.10322,-0.7660573,-19.97666,-0.24747339,26.544544,0.2018386,-0.011792994,-1.6408898,-0.006379487,-1.7088938,0.017828597,0.3009462,36.111,0.2016566,9.752452,0.8848342,21.435831,0.35714597,21.519915,0.40333697,-16.52023,24.583641,-0.025010485,0.014808839,0.016806928,4.4444447,3.529412,0.14333333,0.08806563,0.12,0.0697615,-48.34743
21.046791,0.023002079,20.856771,21.00316,21.242834,0.38606262,5.6624413,0.0,1.8505468,7.5215564,0.13128573,0.41009033,0.08795385,0.122748315,0.18726422,0.09931037,1.0411512,1.1555394,0.9512154,0.03628161,0.018968802,0.46976322,37.918873,0.14588182,3.4203658,2.0146844,7.52905,1.1152633,9.477911,0.805584,0.020199014,0.65155053,1.3487931,0.5828139,3.8851056,0.33008605,15.993833,0.23784347,29.388817,0.16131398,776.4928,0.24886072,1384.3292,0.2272881,-11.389308,-0.28061378,1878.2527,0.19020097,1162.876,0.32123,-23.066324,-0.22753987,2807.6245,0.11972126,1259.3232,0.35869566,-28.612486,-0.1916794,-15.372699,-0.20684311,24.122337,0.071876846,-0.004281449,-1.8587083,-0.013917878,-1.1155754,0.021751447,0.3845204,39.831284,0.09482073,1.8958988,3.5521328,6.3846917,1.3841368,7.813749,0.9525869,0.0,0.0,0.0,0.0,0.0,6.25,3.846154,0.25,0.0,0.0,0.0,-44.660282
21.997618,0.1334984,19.604122,20.814312,24.54441,4.9402885,54.84025,74.45614,14.390022,13.073363,0.12893148,0.7614268,0.06608777,0.09708381,0.17005655,0.103968784,1.0765496,0.70379907,0.86780554,0.4927462,0.018099464,0.8083752,32.27959,0.39159063,5.7624865,1.7883527,18.741827,0.709489,12.508771,1.0226785,0.010881211,0.90461695,0.91061753,0.6616909,5.4370275,0.34496337,9.962963,0.5761227,27.268915,0.2966373,538.6755,0.38826612,1288.3811,0.13732412,-42.25251,-1.693041,1594.7069,0.13893911,916.2534,0.29747802,-51.67285,-1.2989986,2618.5422,0.12709579,1032.7738,0.26932618,-56.319904,-1.1550901,-15.904112,-0.3047842,23.597202,0.26605764,0.010926376,1.84574,-0.006638755,-2.0408006,0.02018801,0.75469303,37.0317,0.17624383,5.1092763,2.1180296,19.867306,0.71308905,13.746703,0.96864784,-11.829949,21.293026,-0.0150901675,0.01678266,0.0098580215,2.7600849,1.0775863,0.756,0.68330365,0.1875,0.1156233,-42.738777
20.684662,0.12906654,18.267998,19.745647,24.057285,5.7892876,53.283764,51.22587,13.725467,8.7330885,0.109604195,0.5858924,0.0485327,0.09585994,0.17892867,0.13039598,1.2914131,0.43527272,0.8146954,0.44658712,0.019355707,0.51913106,35.1153,0.2819269,7.6994395,1.3286399,14.994379,0.98282284,10.172337,1.1094784,0.01868839,1.4579855,1.0539948,0.70472866,4.1688356,0.48044804,13.105823,1.544753,27.921171,0.2850886,521.84705,0.35008585,1349.2937,0.18359451,-58.5121,-1.4114578,1577.7756,0.1439996,1052.4414,0.28713775,-69.19456,-1.0943154,2599.5361,0.107066505,1129.6014,0.4153844,-72.14708,-1.0273988,-17.381676,-0.33625734,25.44498,0.3064942,0.014904459,1.164771,-0.009414638,-1.2860739,0.021345988,0.4522267,39.1302,0.15304461,6.903859,1.5283598,16.07019,1.0273541,9.260269,1.2621542,-16.646133,24.709457,-0.0032246697,0.011283262,0.015479388,5.1162796,2.3809526,0.29799998,0.38259116,0.102,0.04261455,-44.868263
22.385082,0.08711366,20.59666,21.61142,24.897694,4.301033,-4.463616,0.0,29.923237,0.0,0.37159988,0.93514323,0.086521745,0.26231906,0.7816789,0.6951572,6.7301393,4.117317,5.1394014,3.6049495,0.30874327,1.9284865,15.530126,0.7561682,0.09282158,93.66081,26.392744,0.39503735,9.819667,0.96686405,0.016906695,0.61298585,1.2640218,0.7354939,5.144942,0.16312976,8.540463,0.6503376,24.536245,0.23250675,483.89337,0.36408222,1332.9277,0.14840184,-162.71289,-0.4526945,1624.894,0.08388276,798.28467,0.28908968,-165.81735,-0.40866545,2594.1523,0.06193465,1229.318,0.29999793,-165.62624,-0.4100967,-15.401296,-0.3401322,22.081562,0.31472963,-0.021454748,-0.47915307,0.0012137861,7.2137055,0.024486149,0.55837554,26.26549,0.4055456,6.135289,0.91103894,36.69861,0.36226204,12.660905,0.41347602,-12.46582,21.215382,-0.0405008,0.010719756,0.40299338,4.0983605,1.7094017,0.105,0.034999996,0.30333334,0.32417414,-22.287714
25.09993,0.07832741,23.486181,24.4056,26.650362,3.1641808,106.6917,131.25037,14.47135,12.425857,0.1761371,0.48645067,0.099989705,0.19333164,0.24679263,0.14680293,2.4644082,1.2272624,1.3269415,0.88495785,0.029572051,0.57846045,39.53886,0.29629406,3.077749,3.613004,10.863795,0.87480634,0.08418479,144.5387,0.011573589,1.0216761,0.90617746,1.0417598,6.443333,0.2803945,8.595422,1.5600684,27.106287,0.2401612,575.9173,0.3228884,1387.397,0.115001075,-31.534178,-1.9497849,1601.0138,0.1734287,1179.2157,0.23833662,-44.295414,-1.2942978,2642.8398,0.11368251,1031.2627,0.24811128,-49.392197,-1.1204181,-16.698948,-0.28302917,25.52967,0.2572007,0.02004697,0.8623277,-0.020092938,-0.7397083,0.03301384,0.5071227,44.133766,0.112214714,1.5477076,6.8664494,9.666342,0.96478045,0.05126883,253.79709,-15.565358,24.646776,-0.017563533,0.0053757085,0.018521849,5.607477,1.9607843,0.435,0.074999996,0.055,0.014999999,-40.856197
21.864561,0.13476837,18.76063,22.076893,24.321663,5.5610332,192.77388,161.19447,22.192434,19.290228,0.113259986,0.5098478,0.06625945,0.09643556,0.16323435,0.0969749,1.3879905,0.8779541,0.96710753,0.6425954,0.01851309,0.59361494,29.528894,0.5068201,7.1945667,1.3275347,18.046719,0.70895576,6.5706596,1.9884659,0.018566351,1.3992534,0.8469678,0.9111016,5.0156226,0.41855547,10.522168,0.4000659,29.059944,0.2291668,566.1516,0.34862596,1392.2019,0.15376712,-60.89048,-1.3299704,1615.3793,0.14620396,1109.677,0.38136783,-69.986275,-1.0726067,2645.3545,0.117286846,971.4687,0.2936324,-73.480225,-0.9950471,-17.701014,-0.29512402,24.654312,0.24903363,-0.0021394566,-9.045794,-0.0043756743,-3.0928442,0.019140735,0.5655919,35.064457,0.21771821,8.014555,1.0337542,19.42256,0.6765037,7.201252,1.7798476,-10.244619,19.301077,-0.01566403,0.0124462955,0.018014185,3.3755276,2.586207,0.27333334,0.18427032,0.11,0.04774934,-45.102627
22.561829,0.0733762,21.694542,22.683369,24.049353,2.3548107,33.018497,0.0,-15.138879,15.761395,0.12053099,0.57309735,0.0478926,0.1241214,0.19082725,0.14293465,1.1714551,0.51592416,1.5282702,0.7643775,0.019352866,0.6865469,29.354109,0.54990596,3.5451741,2.9712212,8.466824,1.4671464,-3.8144395,-3.6628666,0.017944522,1.0684541,0.80728704,0.50707775,4.5823507,0.43128228,6.989183,0.38450527,26.451582,0.3346423,521.76355,0.305751,1319.9889,0.14583014,-74.08877,-1.2344047,1534.3262,0.14877188,1107.415,0.25280324,-82.87361,-1.0157168,2558.237,0.086025424,955.5782,0.26263335,-86.1234,-0.95103484,-16.99567,-0.26493368,26.236519,0.17054436,0.021759372,0.82571995,-0.019808166,-0.9600733,0.02799961,0.34126556,39.883675,0.16849162,5.3592844,1.6281538,12.795112,0.7924043,-3.6496916,-4.5811634,-7.217688,19.115747,-0.013533138,0.02268931,0.0071453084,3.7037036,1.3157895,0.48999998,0.0,0.25,0.0,-44.6603
23.106977,0.073346764,21.728464,22.516794,25.04432,3.315855,-11.683297,0.0,19.791344,0.0,0.10078451,0.40905,0.06695616,0.10485988,0.13583423,0.06887807,0.44837093,0.6838519,0.41661194,0.0,0.0117278425,0.3247054,37.466454,0.17901944,7.197653,0.9275926,17.033072,0.5682176,9.638418,1.1965423,0.011862081,0.4446653,0.43887982,0.31676784,6.2549744,0.17797741,17.34056,1.216388,31.884739,0.17631386,595.37714,0.3620062,1304.894,0.16746868,-20.934786,-1.9520924,1668.9496,0.15368734,1010.2285,0.22786294,-35.10039,-1.0486923,2704.9695,0.119880274,1033.937,0.18962134,-41.19052,-0.86769885,-19.753332,-0.17188875,26.97332,0.111041866,0.007996585,2.3514965,-0.009802271,-0.9614798,0.012965309,0.23020121,40.484787,0.04368194,8.510052,0.7120741,18.52726,0.55261385,7.7851715,1.5716802,-21.478848,28.130062,-0.027038623,0.0009501282,0.012682635,2.5641026,3.0303032,0.29999998,0.0,0.0,0.0,-45.875267
21.638979,0.035596814,21.044037,21.39215,22.47416,1.4301224,9.895515,0.0,-2.302938,9.622964,0.109310076,0.49817812,0.037281778,0.12632802,0.15982887,0.12254709,0.103672385,0.4515764,0.39799517,0.0,0.012781154,0.49547964,36.582592,0.23123221,5.3955517,0.9020986,7.9291706,0.97871214,7.6266885,0.75150263,0.011392431,0.68375754,1.326815,0.70098454,5.180298,0.23949851,13.054469,0.26606917,33.027096,0.11820375,695.3752,0.33175078,1389.0779,0.16752902,-34.057617,-1.726935,1829.6123,0.20174606,1102.3627,0.18697572,-45.13664,-1.2237226,2837.6216,0.13150938,1367.0243,0.37792408,-52.249752,-1.0036945,-16.938223,-0.24356255,28.053907,0.07651227,-0.000825667,-11.172291,-0.012640473,-0.5556845,0.015488842,0.3596478,41.09681,0.06709216,4.563628,1.1479495,6.2716784,1.3339388,5.294385,0.77931124,-23.058296,33.204445,-0.03860982,0.014093963,0.0097026145,2.5641026,3.0303032,0.28,0.0,0.03,0.0,-45.48872
19.952631,0.024050899,19.562773,19.786325,20.431932,0.8691597,8.813,0.0,3.968502,11.508322,0.097663686,0.6401921,0.053435072,0.06974797,0.16783781,0.11440274,0.45218882,0.39983502,2.7118754,0.0,0.013507578,0.9506679,19.03767,0.80572134,-2.3929303,-2.4025767,15.549678,0.59676784,0.61652696,16.110334,0.013832381,0.5448576,1.3479493,0.5721197,2.7768912,0.5049266,8.677069,0.14515083,18.525715,0.1221397,419.74927,0.05231477,1200.3774,0.09891761,-123.5294,-0.7602857,1454.045,0.054828722,944.792,0.15781058,-126.6148,-0.7117233,2420.124,0.028943531,972.0247,0.16016583,-129.14452,-0.67387915,-11.983482,-0.31655234,17.441368,0.10561053,0.016227769,0.5280458,-0.013301765,-0.9801783,0.029325455,0.40156248,38.055447,0.07262891,-6.433742,-1.2267946,16.759787,0.859684,11.747334,0.42546594,-3.5440397,10.049147,0.0055789542,0.023544282,0.0069217137,2.3255816,2.631579,0.14,0.0,0.22,0.0,-48.283794
21.866875,0.09700275,19.7719,21.914848,23.97519,4.203289,120.21214,175.93156,18.023392,11.788471,0.100210086,0.40713555,0.06591752,0.08975972,0.13418257,0.06826505,1.1729872,0.6382964,0.39617825,0.39968464,0.01511234,0.5848503,31.267887,0.467554,6.5427437,1.6167631,22.593843,0.9173184,12.942191,0.680911,0.01680622,1.2593582,1.0025324,0.9505622,4.938515,0.41897595,11.316071,0.46857378,28.169773,0.34197342,616.788,0.3566935,1367.2579,0.14403193,-43.999958,-1.563816,1709.3721,0.12488606,962.78516,0.34003565,-54.841156,-1.168725,2723.4712,0.10473186,1157.3564,0.33611304,-56.74865,-1.1164232,-17.565245,-0.4730587,24.614252,0.3534064,0.0005197906,31.302715,-0.0026708853,-4.802346,0.016377445,0.580891,35.81158,0.27101892,7.5091033,1.4261123,25.879179,0.8344458,15.046575,0.41069,-8.698733,18.779795,-0.014719842,0.01438642,0.011274087,4.2253523,1.459854,0.56,0.25,0.105,0.055,-47.001965
23.524832,0.12993303,21.322617,22.729626,26.208902,4.886286,95.83145,99.69201,16.40376,8.612977,0.12529033,0.60676914,0.072190076,0.11313829,0.15014562,0.077955544,1.0742476,0.59964824,0.8519185,0.55502754,0.019510362,0.7809573,34.61076,0.38058385,10.113083,1.1532362,15.494271,0.87288886,11.260693,1.0601515,0.023851976,4.5043674,0.7557492,0.82062346,6.2211847,0.26633617,9.156389,0.9961369,32.82724,0.25893918,595.9611,0.3647699,1361.19,0.12658161,-49.685265,-1.4926498,1665.3079,0.15437552,1018.4072,0.2658759,-60.469624,-1.1427467,2748.8713,0.099833734,982.7864,0.24838589,-66.21314,-0.9952082,-18.692484,-0.3664827,28.916386,0.23541859,0.013600596,1.439357,-0.00709965,-1.9747721,0.021369737,0.7636715,39.066414,0.21636058,10.947049,1.0882288,14.960932,0.9764995,11.944187,0.8679074,-12.713482,20.256945,-0.00397362,0.014969729,0.014206623,3.2258065,1.9672132,0.39333332,0.27347556,0.111999996,0.06368673,-42.73799
25.57232,0.021439979,24.873701,25.79229,26.098059,1.2243576,5.062146,0.34633133,2.116746,1.9764067,0.036674693,0.11827819,0.035582166,0.037461318,0.038576975,0.0029948093,0.0137083335,0.026570667,0.19184744,0.13440493,0.003432005,0.26374748,28.23528,0.09545431,11.385836,0.2110632,24.74345,0.1650128,26.014387,0.17299008,0.012361558,0.35091716,0.40258664,0.46658233,8.240872,0.0498352,-0.2857892,-19.28295,22.200607,0.2505862,1027.2344,0.12719925,1233.8882,0.12463396,-71.39436,-0.9306734,2067.5054,0.0704117,880.27435,0.15714397,-70.254036,-0.945588,3299.728,0.060926024,1300.413,0.26897871,-77.3822,-0.8107047,-23.984234,-0.051291365,31.694948,0.05724966,-0.025824914,-0.40892893,0.013119097,0.36116317,0.0037065628,0.25454134,29.630339,0.039982785,11.728468,0.21862936,23.9006,0.10903617,25.795845,0.15910913,-23.529692,31.488028,-0.036089152,0.021594536,0.0027014054,3.9473684,1.4084507,0.55,0.0,0.14,0.0,-54.99208
21.544144,0.03505587,20.924582,21.376862,22.285103,1.3605213,9.413325,3.3238704,7.445728,16.430376,0.12008007,0.3568504,0.08316456,0.11934966,0.156286,0.07312144,0.4762555,0.32045427,0.6663032,0.2809968,0.01360275,0.51430076,40.6979,0.25537428,8.676231,0.74102616,-6.0074,-2.07844,-1.3698761,-7.4512305,0.011058786,0.83813447,0.8000901,0.6694079,5.203778,0.21171573,9.12765,0.4829113,35.59922,0.25181475,779.34955,0.2286395,1423.749,0.16158284,-17.670069,-2.375463,1745.3724,0.18823174,1392.192,0.3188644,-30.749622,-1.2718114,2858.6282,0.121059075,1128.2313,0.24520785,-42.264206,-0.8476208,-14.634628,-0.2570276,33.293114,0.21466038,0.013840482,1.1861994,-0.017024169,-0.56266713,0.0145804,0.47689253,43.3879,0.16830271,9.315532,0.6982518,-8.227312,-1.3689289,-3.6129258,-2.3199854,-17.964066,26.245895,-0.038788512,0.020211998,0.0088588605,2.4691358,1.3157895,0.71,0.0,0.03,0.0,-46.0608
23.303131,0.10116578,21.051853,22.847313,24.977703,3.92585,69.4622,91.01775,18.359694,12.188493,0.10918771,0.6146884,0.03144614,0.109746,0.1631156,0.13166946,1.3385823,0.77108854,1.2214794,0.83174944,0.018954402,0.73608935,31.668295,0.48266903,6.3330703,1.5078875,10.162085,1.0715694,3.8549306,3.2378435,0.01601233,0.92998725,1.1639498,0.90285057,5.4282823,0.34211275,7.4716697,0.6783731,31.313684,0.20873493,601.3721,0.33900505,1396.6555,0.12270069,-80.11024,-1.1161752,1629.4081,0.1822009,1181.4353,0.24676038,-88.5298,-0.9341841,2668.3574,0.121212065,1095.4036,0.32644534,-93.56959,-0.84265244,-18.094124,-0.30600595,27.8409,0.20487946,0.015583494,1.1476333,-0.0135535505,-1.0292971,0.025169723,0.5411013,41.19948,0.1574658,8.102734,1.2177038,10.387396,1.2418762,1.5105116,8.718896,-11.091914,20.017563,-0.01080975,0.016780894,0.009497305,3.846154,2.2801304,0.26714283,0.13079037,0.15142857,0.1708323,-44.15296
27.56994,0.07573812,25.44054,28.460663,29.604048,4.1635075,-19.440287,0.0,6.932285,0.0,0.1486696,0.4283162,0.10749021,0.14337572,0.20468163,0.09719142,1.2046659,0.9474266,0.53832066,0.3747913,0.017631447,0.4938192,28.182775,0.8295813,9.782356,0.87178934,17.875628,0.78759456,-9.280087,-1.1463599,0.005429742,0.7199632,0.37089697,0.6953269,8.981332,0.1974169,3.517701,1.387208,30.675766,0.1671691,581.7609,0.29291442,1456.8185,0.13173144,-74.43811,-1.2184273,1676.8917,0.14948152,1292.3816,0.30864668,-85.15904,-0.9632546,2732.084,0.071721286,910.0244,0.18951824,-87.68064,-0.9121501,-22.48426,-0.20036447,29.27273,0.12139703,0.045196537,0.32592267,-0.027434697,-0.40243626,0.020826383,0.41853145,44.978085,0.11539791,13.108202,0.6428678,16.37591,0.9803809,-5.403722,-1.9641508,2.941875,1.0257573,0.00046401934,0.016142696,0.013414981,4.032258,0.8403362,0.78,0.0,0.39,0.0,-40.951473
21.629778,0.14459413,18.752256,21.044533,24.818344,6.0660877,22.87663,0.0,6.0469704,7.200373,0.11375451,0.52017534,0.060974978,0.10779312,0.15052715,0.08955217,0.98959136,0.6753783,0.999684,0.52938896,0.018140944,0.67484957,30.237104,0.59729177,2.2820566,3.840851,18.114904,0.7807919,10.560548,1.2129309,0.012428481,1.020864,0.8972976,1.0306717,4.796391,0.48814902,4.736888,0.8565509,27.287022,0.19926168,501.58975,0.26246032,1374.8716,0.13881789,-63.14099,-1.3961921,1557.3038,0.1123663,1060.1241,0.23947603,-74.35138,-1.0877306,2628.271,0.081696376,1030.3971,0.3163337,-78.106895,-1.005277,-17.71878,-0.300868,24.978447,0.1821642,0.017814156,0.978333,-0.00712778,-1.9967144,0.020924645,0.61643666,40.93822,0.14000215,2.8980875,3.260528,17.467272,0.90478987,9.201675,1.1153443,-6.1436944,13.601241,-0.011817002,0.017041719,0.014582638,4.5045047,1.8867925,0.35999998,0.22999997,0.14999999,0.049999997,-45.38109
19.15335,0.07172894,18.067425,18.899185,19.962484,1.8950596,77.706665,114.83357,13.741925,7.8489976,0.10011148,0.5071944,0.0599641,0.09518468,0.12981063,0.069846526,0.9559221,0.5318617,0.85235214,0.6595397,0.016647507,0.6399324,33.964325,0.34712127,4.5002956,2.3405378,11.295287,1.2572285,10.623697,1.0260222,0.012152083,0.86914706,0.7715775,0.642696,3.5795486,0.42830718,10.636156,0.29721147,28.585728,0.26790708,579.9455,0.34048527,1343.7291,0.121434666,-57.758404,-1.4422332,1631.132,0.15614885,1001.2892,0.34116578,-65.50372,-1.2034708,2699.9338,0.12342078,989.2474,0.21820694,-71.895874,-1.043393,-14.802613,-0.36191478,23.669626,0.23378249,0.009743211,1.5086037,-0.011119466,-1.2791226,0.017211752,0.5420674,39.18984,0.11979533,3.2970767,3.2392988,10.912789,1.4632347,9.974069,1.0560545,-11.53809,19.427689,-0.0011415596,0.008868199,0.016474012,3.896104,1.7699115,0.405,0.23879907,0.14,0.04949747,-48.083084
19.611044,0.061418053,18.868263,19.6051,20.62242,1.7541561,28.438913,17.375092,10.978661,4.211958,0.10214622,0.5094954,0.051030263,0.09944508,0.1406019,0.08957164,0.54004914,0.31841975,0.7500637,0.40815058,0.014769097,0.62874854,34.04873,0.2762371,0.4834408,22.125288,12.208619,1.2317939,9.311572,1.4740522,0.010467586,0.915254,0.83730435,0.67910767,3.7655566,0.34941316,14.5280285,0.41482568,24.852451,0.28875872,603.32544,0.39555478,1388.0463,0.1691983,-53.00825,-1.5129889,1604.6547,0.17910168,1102.1317,0.24396405,-59.052998,-1.2993108,2644.7195,0.12448881,1062.9249,0.28886274,-64.761375,-1.1357377,-12.063611,-0.40951288,21.654875,0.25456807,0.012830077,0.9231236,-0.004692087,-3.187292,0.016704379,0.59820026,38.02219,0.135008,-1.7484492,-5.657386,10.277945,1.5447116,8.264575,1.5697877,-14.703528,21.212996,-0.0028216299,0.01031471,0.009823812,3.0303032,1.5444016,0.48499998,0.49987498,0.1425,0.09443913,-48.546032
21.076508,0.15612526,17.801262,19.90076,24.204466,6.403204,43.21162,27.956827,23.015224,0.47306636,0.09078049,0.49459842,0.04371532,0.08320955,0.13532113,0.091605805,0.7111074,0.17530297,0.9160625,0.47260067,0.015820686,0.76050013,22.632004,0.83166164,0.21306114,51.68252,9.773055,1.0772027,5.8623104,2.3864903,0.024393352,1.0816541,0.9294385,0.92696655,3.9876637,0.5622972,6.1634145,0.62635124,27.269121,0.21032602,569.4196,0.3550455,1362.5955,0.11755622,-140.40271,-0.6279049,1566.9448,0.16425554,1108.4194,0.3359616,-144.61278,-0.5666869,2649.0034,0.12115022,1033.9131,0.3491423,-146.69572,-0.5383357,-14.932935,-0.3245044,22.827969,0.28046438,0.014609469,0.76648784,-0.003709506,-2.5039034,0.018674105,0.41007516,39.598927,0.09773437,2.2015321,4.974634,12.131653,0.8326581,7.758217,1.632798,-6.048411,13.849603,0.0016705823,0.0138115715,0.015104365,3.5,1.5384616,0.19,0.10614455,0.3275,0.20644307,-49.82284
25.064318,0.1323119,20.239523,26.657625,27.937927,7.6984043,6.339311,11.794072,15.553268,0.25064135,0.08067999,0.68772405,0.03714096,0.059107356,0.13021265,0.093071684,0.4482728,0.16050945,1.0207433,0.41902238,0.013236463,0.82627577,27.219528,0.50998163,8.834004,0.9645062,17.485275,0.5970819,15.878525,0.8727224,0.01837087,1.2373607,0.77850264,1.1900792,6.3434896,0.42381725,7.3276334,1.0028216,29.20841,0.3150549,584.4264,0.33878043,1307.6746,0.17543638,-104.6253,-0.8686962,1646.9211,0.123153105,936.99164,0.26386812,-107.42406,-0.79760975,2711.6199,0.12866247,1023.2011,0.3256748,-111.71598,-0.73297197,-17.152096,-0.34642133,23.423664,0.3157494,0.0057883747,3.8334794,-0.0027656315,-6.937784,0.01689759,0.7660337,36.377735,0.19397482,8.003912,1.1615077,18.866302,0.6955495,14.562046,0.8006065,-14.623564,22.095703,-0.02209171,0.019146996,0.0099132415,2.2900765,1.5873016,0.325,0.014999999,0.18666665,0.06944221,-48.386395
23.121197,0.088511385,21.224873,22.787716,24.184185,2.9593124,91.63571,119.962975,22.045277,16.968771,0.13535148,0.44121656,0.08950998,0.12797396,0.17884314,0.08933316,1.5358485,0.8980717,1.2410063,0.51775503,0.022843383,0.690351,32.56182,0.43126577,6.929172,1.5975665,9.723424,1.4254102,4.495616,2.860921,0.012877268,0.92348266,1.0276296,1.1004672,5.4192047,0.23274769,8.3154335,0.7070216,30.239061,0.26680842,587.9679,0.3571848,1360.2255,0.1645619,-59.188465,-1.4287153,1604.5996,0.17761673,1147.6212,0.2579526,-71.0726,-1.0888877,2655.5679,0.1216716,992.3938,0.29601184,-75.834465,-0.985061,-17.650269,-0.3958488,26.823772,0.23847078,0.018057749,1.0266066,-0.014509234,-1.0950389,0.025968516,0.65816057,39.914856,0.15568736,7.8878303,1.3775231,10.949732,1.4298743,4.4921794,2.9274526,-8.571481,17.02628,-0.0018311387,0.016783074,0.017387751,4.5454545,2.0134227,0.35,0.25664502,0.12666667,0.04109609,-43.43629
23.087921,0.13357595,20.501665,22.132494,25.467186,4.965521,89.46695,70.61627,24.356895,11.685062,0.12472397,0.95631516,0.035576157,0.09067392,0.16353326,0.1279571,1.2510135,0.74833035,0.8811184,1.1179948,0.023176286,1.1035427,28.178116,0.3648821,1.7389988,6.1207023,15.727655,0.7325495,10.229933,0.973731,0.019079605,0.4882718,0.81848663,0.680831,4.422674,0.38305908,8.509159,0.75769943,23.422997,0.368212,449.75204,0.38587666,1293.2872,0.12223633,-99.07559,-0.95480174,1537.019,0.14115028,992.39594,0.3803505,-105.58666,-0.83152986,2505.5154,0.11552457,1117.1808,0.4439335,-107.29965,-0.80412996,-14.825567,-0.42736092,21.721983,0.3366519,0.02147619,1.1502823,-0.0076556215,-1.5327098,0.0383234,0.7591159,34.752785,0.14767773,1.2829268,9.92029,22.815063,0.4953577,9.729451,1.2782793,-12.342182,20.613234,-0.010932927,0.015521622,0.008512644,2.739726,2.142857,0.22999999,0.12832251,0.325,0.305,-41.755928
21.80474,0.15550195,19.06744,21.20832,25.446014,6.3785744,167.6578,172.07857,45.985737,31.179325,0.11963419,0.5976133,0.06317793,0.09490161,0.16604486,0.10286693,1.1323919,0.6114425,1.2191521,0.7743889,0.024452455,0.803444,34.273506,0.38579345,3.4221525,2.3683527,10.70454,1.1257122,12.982766,1.141462,0.022210214,0.87129194,1.1839188,1.0098673,4.1958847,0.42632863,5.6304927,0.8793761,27.904129,0.19695167,509.922,0.35604405,1313.9833,0.121978246,-55.463497,-1.4075346,1553.7767,0.14052226,1010.00836,0.29600593,-66.004486,-1.0971969,2637.0825,0.101801425,1033.2396,0.26186565,-71.77127,-0.9652248,-15.375496,-0.3085981,25.971405,0.1839153,0.013448903,1.4775358,-0.00845161,-2.2362926,0.02937954,0.7168247,39.711407,0.21306254,3.2593055,2.2350776,11.626844,1.1185342,13.708027,1.183626,-13.515705,22.649118,-0.012860046,0.011923675,0.013682473,3.7974684,3.9215686,0.17999999,0.11195238,0.0775,0.034910593,-43.00385
26.400913,0.12557465,24.021893,25.719887,29.140469,5.118576,156.7991,140.873,17.73065,10.32144,0.103851415,0.4693208,0.06511496,0.10207104,0.13807127,0.07295631,1.2446033,0.89600587,0.7586142,0.3851809,0.01569805,0.60707873,22.073706,0.9943305,8.333534,0.93300074,17.528263,0.64718163,1.8761575,7.8450785,0.021373367,2.1459482,0.9440293,1.1228504,7.1819506,0.35135025,5.196405,1.3326036,29.785942,0.26249978,534.77484,0.3853676,1414.7167,0.14793271,-106.328,-0.8759973,1592.2751,0.16557972,1147.043,0.27918515,-113.224785,-0.75184643,2641.5618,0.1152851,967.14294,0.19749784,-116.172066,-0.7063101,-19.286304,-0.24052979,27.390656,0.20359391,0.022275059,1.0849986,-0.008618928,-2.1709018,0.018648768,0.53904605,40.79269,0.18503027,8.2181635,1.0461776,17.466751,0.8207512,7.531372,2.0799177,-3.8882713,10.090696,0.00036811997,0.015136577,0.013227199,3.4482758,2.0,0.24,0.16948448,0.27285716,0.24915366,-46.27303
21.8255,0.13961677,19.394897,21.034384,24.568419,5.173521,65.27348,71.84482,19.332859,9.436276,0.09384344,0.5845362,0.04837682,0.08354974,0.12999354,0.08161672,1.3451446,0.8282129,1.141854,0.76718813,0.017262772,0.725285,28.888443,0.5426392,9.060843,1.3212142,14.534158,1.059269,8.018012,1.4079428,0.015792686,0.8237759,0.9985658,0.87592304,4.500182,0.48516598,6.6809254,0.73174936,28.487633,0.33326793,596.4602,0.36288723,1353.4148,0.15215698,-85.94815,-1.0472347,1669.6321,0.1653396,1023.35925,0.31714293,-93.76212,-0.8926952,2699.845,0.12045698,1001.48987,0.25779825,-96.264336,-0.84860903,-17.729414,-0.3984422,24.795826,0.29215404,0.01076724,1.9133811,-0.010121758,-1.412778,0.020626377,0.66723096,37.801254,0.20904069,7.9002132,1.6580374,16.485542,1.087231,8.549017,1.3902822,-13.307953,22.83794,-0.007705276,0.013587327,0.012452885,3.8199182,2.4725275,0.23166665,0.28964058,0.14944445,0.13019097,-47.457436
27.11124,0.123762816,23.530762,27.405685,30.915375,7.384613,8.367544,16.903036,23.693947,1.9233704,0.15547043,0.609507,0.058309693,0.12754172,0.25643387,0.19812419,1.4674051,1.2037916,0.90858006,0.25833032,0.02662168,0.6979417,35.36389,0.30258712,5.0590043,2.2045774,12.066954,0.9473522,12.362228,1.2865654,0.013031961,0.98750985,0.8080317,1.0390495,7.625216,0.2944174,4.683515,1.529872,30.49366,0.2654885,578.3996,0.3824607,1422.5975,0.21401276,-64.81821,-1.3313373,1644.3706,0.16790447,1085.9387,0.23987156,-75.7503,-1.0367367,2715.8086,0.123257674,1049.6224,0.21343745,-80.37358,-0.9402949,-18.36935,-0.24080727,26.395191,0.18395217,0.032024913,0.81950325,-0.011555137,-1.790796,0.03233826,0.5349614,40.741306,0.17267367,5.387824,1.849971,11.757951,0.9659904,9.083304,1.6175659,-15.313551,23.158531,0.0005616674,0.017891398,0.016339775,2.6666667,2.0689657,0.32999998,0.071180515,0.13333333,0.03681787,-40.116756
21.099047,0.1315996,18.721046,20.726372,23.626045,4.904999,40.191685,34.17139,46.07332,23.420994,0.106852174,0.5178558,0.063808605,0.09707013,0.14795417,0.08414556,1.0622603,0.8223095,1.1008825,0.5967879,0.020625448,0.70610857,29.746162,0.60562205,4.9698124,2.0454915,7.337955,1.9439615,0.7802251,15.032992,0.02144026,0.80926365,0.81062955,0.53422296,3.6096385,0.5766158,8.241213,0.42729992,28.552576,0.31093422,532.74567,0.31814077,1461.8583,0.11477742,-100.36911,-0.92444175,1531.9683,0.1912021,1166.2867,0.15855372,-105.69282,-0.82794964,2623.756,0.10398742,1093.4586,0.32472816,-110.4943,-0.7506455,-15.346553,-0.47974017,26.603846,0.3077267,0.012639791,1.1327839,-0.012353525,-1.28221,0.023323439,0.62424326,41.70885,0.18161283,4.934177,2.448616,4.4269824,3.579598,1.6078899,7.5256586,-9.810723,18.998638,-0.002711559,0.008587156,0.01895797,5.4054055,2.7649772,0.17833334,0.1577357,0.16333334,0.04784233,-46.423126
25.02812,0.024736987,24.730083,25.245407,25.431173,0.70108986,18.204212,2.4814606,7.858747,11.282121,0.13115549,0.5592393,0.055816542,0.119419284,0.21601805,0.1602015,1.1621593,0.5470387,1.2426256,0.42831525,0.020310482,0.4963585,41.048286,0.21976076,7.263988,1.8533852,13.693953,0.38358226,10.174357,1.4899757,0.010418076,0.868264,0.803882,0.558758,6.9543543,0.14227219,6.2050247,1.0279477,33.39679,0.28914025,669.6264,0.38294256,1463.0571,0.16633962,-13.358061,-1.8023741,1784.8894,0.20137116,1143.1073,0.35114306,-27.923676,-0.81092685,2815.7737,0.12220377,1214.7059,0.3562143,-35.57152,-0.55689555,-20.444263,-0.3895579,30.078077,0.23345658,0.023995651,1.152978,-0.006843487,-3.1533115,0.022732215,0.4023725,44.08903,0.09768251,7.790154,1.8371303,13.502736,0.41420418,10.187799,1.5861804,-23.306229,32.432613,-0.03649295,0.009801146,0.010412388,5.0000005,1.8867925,0.51,0.0,0.0,0.0,-42.4793
23.564447,0.026678205,23.205126,23.772142,24.021765,0.81663895,69.02866,45.33983,12.683116,3.4194727,0.123301186,0.7628519,0.050670207,0.092912845,0.17687638,0.12620617,1.991819,0.9762659,1.1823748,0.7251249,0.02192989,0.73365986,29.692055,0.42369106,6.2827945,2.564713,23.036667,0.76559335,14.439715,0.5588595,0.012572183,0.6822333,0.95939666,0.66959924,5.495852,0.26443407,11.398106,0.23987135,25.369421,0.22024949,589.2233,0.29338253,1444.8926,0.12891583,-55.786976,-1.2540568,1671.4447,0.10448278,1084.1627,0.47471428,-65.29014,-1.0170933,2617.4277,0.08326754,955.9749,0.1472217,-64.05484,-1.0353384,-14.673973,-0.5432538,21.547413,0.24338089,0.005878856,2.5731428,-0.01026398,-1.1813053,0.027266866,0.67752314,35.123062,0.28215373,5.615947,3.0810163,25.451553,0.8004999,16.676298,0.42459536,-15.681869,22.87617,-0.0059910454,0.009222879,0.015581081,6.382979,4.878049,0.14999999,0.0,0.06,0.0,-43.75934
19.728249,0.052065823,18.9603,19.385365,20.93148,1.97118,19.826834,0.0,0.012263298,13.316745,0.09448811,0.67498386,0.03983468,0.07510178,0.1269585,0.087123826,0.73248196,0.35900116,0.32852432,0.25174728,0.014253997,0.6036458,21.408236,0.5710326,-0.79760414,-11.343021,14.000194,1.006132,13.118451,0.66424835,0.019214544,0.5796091,0.91099894,0.7892606,2.4177225,0.5508668,9.716402,0.26748592,14.975154,0.2277558,379.52637,0.097978674,1175.9025,0.10028691,-149.4491,-0.5592879,1475.5902,0.030931685,699.42596,0.2542759,-152.87634,-0.5109748,2385.3184,0.034237895,1012.95264,0.23050515,-152.36346,-0.51853096,-10.452615,-0.43881458,15.653074,0.22649285,0.011401263,1.3919828,-0.010064022,-0.7233003,0.021748671,0.27517107,28.33327,0.14817622,0.35348293,33.237816,28.14858,0.43699247,17.456858,0.3669607,-8.525288,18.119986,0.0008906448,0.012994111,0.0124756405,3.1007752,1.6129032,0.155,0.0049999994,0.445,0.095,-49.480785
22.982643,0.1474612,19.62735,21.745657,26.818932,7.1915817,69.30205,69.32449,22.181376,14.425244,0.09477898,0.56783706,0.046154946,0.08900963,0.13239203,0.08623709,1.2379761,0.68821275,1.0306983,0.68864316,0.015927706,0.7801915,26.403395,0.6468376,5.0028434,2.6554627,9.170007,1.3322185,-0.73126405,-17.706842,0.017741462,1.1177734,0.80964196,0.8906309,4.94603,0.5815609,3.9860578,1.2847565,30.86772,0.30905664,579.5119,0.32710508,1373.3984,0.19104794,-103.25167,-0.92071676,1652.086,0.18752578,1166.6598,0.3190861,-112.0284,-0.7713886,2695.3572,0.12839483,1016.14014,0.29525763,-115.01101,-0.72618616,-20.361837,-0.36347467,28.808016,0.26800388,0.020841256,0.8016232,-0.018916305,-0.8770942,0.021734219,0.56252575,40.367573,0.15646419,11.9114485,0.98063135,11.244789,1.1447247,-3.455475,-4.153777,-6.695441,15.326171,0.006589632,0.015921034,0.010171399,3.4764826,1.4462811,0.33857143,0.2860284,0.29,0.32476914,-46.857857
23.0579,0.07281988,21.686737,22.628567,24.139427,2.4526901,32.543148,26.5515,5.08758,9.44336,0.12348352,0.47494054,0.06325438,0.11724668,0.17732735,0.11407297,0.9383877,0.36261812,0.9304369,0.24927583,0.0176598,0.53096336,30.259722,0.34882602,4.99188,2.350545,24.758099,0.6042194,10.443758,0.7072821,0.014289828,0.6339684,1.191827,0.6449584,5.4218087,0.35149518,7.840968,0.48861578,24.67319,0.39017034,526.12836,0.3567731,1330.7808,0.13725394,-36.622204,-1.7859828,1628.2279,0.10734258,905.3316,0.25557563,-47.44181,-1.286917,2627.6238,0.10528129,1242.6954,0.36200023,-49.6232,-1.2137362,-16.47606,-0.4044604,23.172953,0.31804925,-0.0025961425,-5.1987677,-0.008109943,-1.0989056,0.019019585,0.43145147,34.116226,0.16603576,5.212202,2.399826,27.158796,0.54996437,10.834367,0.7268113,-13.97051,24.614878,-0.024718795,0.010629919,0.014685538,4.9180326,1.7094017,0.48999998,0.059999995,0.074999996,0.034999996,-45.52387
22.835579,0.26732633,16.662498,21.318712,29.745289,13.08279,121.17346,0.0,-7.4448905,0.0,0.034589875,0.26465538,0.021012943,0.036518186,0.043530148,0.022517204,0.098934695,0.016439384,0.08756524,0.038979266,0.0063859103,0.50816154,22.83338,0.3909925,8.279827,1.3053681,20.423985,0.38493556,19.8331,0.377684,0.09299245,1.3441094,0.8854172,0.4668374,6.1666102,0.48721796,7.137782,0.5381047,33.36361,0.30055076,826.703,0.24132554,1367.748,0.05245934,-127.889084,-0.66753185,1924.947,0.11548751,1077.488,0.062834755,-129.49356,-0.6228318,3069.944,0.08362781,1304.8827,0.1976856,-130.66092,-0.6061479,-26.87137,-0.05576929,35.36692,0.055261835,-0.026973378,-0.15118535,0.011307675,0.4930088,0.008582675,0.37790534,31.931902,0.045888264,17.33945,0.11370922,28.44454,0.064404346,22.710514,0.20335598,-15.918652,25.878513,-0.027073625,0.024542037,0.005696782,2.4390244,2.777778,0.14,0.0,0.095,0.0049999994,-55.45845
20.163258,0.1221426,18.457886,19.602577,20.998749,2.540863,52.62329,32.272236,19.660522,4.881947,0.08296846,0.6893462,0.037554506,0.07155296,0.11975609,0.082201585,1.0484661,0.69794613,0.765214,0.47978815,0.016533596,0.83632517,21.526985,0.9121955,3.0327868,3.3891451,11.651529,1.1287842,4.1662474,3.6616316,0.02352746,0.57494473,1.1800323,0.6362489,2.09828,0.7744575,6.3871417,0.6743256,23.432676,0.36546147,513.81635,0.34182528,1301.5686,0.15648794,-142.0779,-0.6051017,1530.0618,0.1551954,1100.3251,0.3689964,-145.82613,-0.55342877,2568.557,0.096433036,941.4008,0.21182553,-147.67125,-0.526881,-14.510917,-0.3473138,24.5017,0.30538556,0.016459519,1.0168949,-0.012013871,-1.3135864,0.0287498,0.50370723,41.44736,0.1489555,-0.15839289,-69.479935,7.6384845,2.266577,3.5473144,3.4104674,-8.222349,16.268856,-0.002986445,0.016964193,0.011619642,3.7617557,1.9108281,0.14333333,0.09758187,0.265,0.26191595,-49.03235
20.363203,0.18799645,17.839205,19.145348,21.830622,3.991417,55.117767,52.28737,28.849932,17.095552,0.11001111,0.5499277,0.062469184,0.09845132,0.14456804,0.08209886,1.1487026,0.7592592,0.91169906,0.4261744,0.020030972,0.5825459,30.394667,0.44360766,3.5059216,2.7673826,13.112057,1.0262204,4.1078663,2.7225878,0.017450735,1.0067109,1.083157,0.88906485,3.8582513,0.58959126,8.154072,0.66943914,27.08829,0.24609928,513.6087,0.3137061,1327.7556,0.17047504,-81.589775,-1.1144125,1498.5552,0.13801926,1066.1012,0.30313373,-86.882034,-0.99413174,2550.7754,0.10078113,916.6052,0.25644082,-92.445114,-0.8865723,-14.7345,-0.3285532,24.742445,0.22660011,0.013153356,1.464419,-0.009862021,-1.552768,0.02181832,0.58137274,37.229874,0.15002045,3.7641351,2.3418438,10.672268,1.2003828,4.0304103,2.935578,-11.397664,19.012182,-0.0048712073,0.005733978,0.017727925,3.7656906,2.5369978,0.2325,0.18771099,0.166,0.08212185,-45.982788
23.47993,0.15787446,19.655615,21.875507,28.102846,8.447231,-0.6883621,0.0,14.781717,0.0,0.09337065,0.6343478,0.03209684,0.089576766,0.13447677,0.102379926,0.90859294,0.5264418,0.9200049,0.47886896,0.017053368,0.9365108,24.754444,0.71238637,6.0624437,1.4198811,8.745435,1.1404445,-1.5917841,-8.432016,0.01218883,1.012136,0.9054138,1.3254185,5.6553035,0.45078957,5.9890914,0.9833212,30.135872,0.17430645,557.8491,0.29683438,1460.879,0.124552846,-127.802284,-0.71268594,1536.4059,0.18114996,1325.2533,0.23041017,-132.51869,-0.6418166,2623.2234,0.09347178,1010.5311,0.2984831,-135.72209,-0.59565943,-16.93562,-0.3651766,28.117416,0.19450057,0.021250227,0.76250565,-0.019791923,-0.8289473,0.02435738,0.83039707,40.346855,0.19516563,8.610268,1.1171067,5.7451963,2.1600294,-8.480742,-1.1310647,-10.273917,18.864035,-0.004028479,0.011477133,0.013259006,4.0201006,1.5463918,0.23666665,0.1515109,0.29,0.27156952,-46.282185
19.390211,0.120638944,16.293573,19.963984,21.76213,5.4685574,5.937322,0.0,14.971488,0.0,0.09370156,0.4941587,0.03994057,0.10048165,0.1443606,0.104420036,0.72226673,0.29367006,0.9026313,0.5486565,0.018443363,0.5986094,29.462847,0.24541385,3.5296245,3.153065,16.672245,1.237531,10.6042595,0.772837,0.011863571,0.6350737,0.67628664,0.5434853,3.7511284,0.5801558,6.2027955,0.25709608,22.45085,0.21304092,444.05487,0.31175238,1195.1112,0.15213615,-95.600494,-0.98697686,1538.56,0.11313517,912.47015,0.48072773,-104.80777,-0.8216484,2469.2952,0.08492507,880.31384,0.22487858,-104.40717,-0.8280737,-16.309467,-0.25113913,21.410946,0.24307296,0.006859052,2.1322298,-0.0023146027,-4.4030643,0.02019953,0.5290886,33.03924,0.07956579,6.2960663,1.5097992,30.357534,0.6528896,11.752972,0.8168602,-11.639647,24.083786,0.003987592,0.0068672667,0.018274566,4.3956046,2.3255816,0.22,0.11999999,0.12333333,0.08219218,-48.406532
20.717325,0.0108151315,20.493801,20.68779,20.95804,0.46423912,0.0,0.0,-0.08633314,0.0,0.044353623,0.26390025,0.033966605,0.04397373,0.057330243,0.023363639,0.14118461,0.06899113,0.12843902,0.009775165,0.0055904244,0.36118665,20.646484,0.19691697,-2.6073067,-1.8021042,19.502132,0.3227061,34.71751,0.27081987,0.030814795,0.3453808,1.7052729,0.62950283,4.563637,0.03570053,2.7521474,0.43797645,25.54511,0.06778694,1115.349,0.045537956,1498.7262,0.359945,-175.40462,-0.32576433,1940.3229,0.044990145,1167.6696,0.039985023,-175.44221,-0.32484823,3104.5625,0.06024104,978.8041,0.09474886,-176.49734,-0.30968505,-15.344805,-0.05653627,25.424002,0.040607184,-0.03643856,-0.21372144,0.04077785,0.073541656,0.00974252,0.1778723,25.158012,0.02958393,2.5413177,0.9651744,21.247112,0.08007399,40.514244,0.022180801,-11.425555,20.12784,-0.031112228,0.038510468,0.0053176438,3.773585,2.0833335,0.06,0.0,0.195,0.17499998,-58.34371
23.771849,0.16699621,19.572943,22.338572,28.21261,8.6396675,7.3678036,8.944292,34.130604,0.0,0.09157424,0.74411756,0.03330624,0.06762332,0.13966136,0.106355116,1.4543414,0.8484539,1.0714321,0.73232627,0.021514373,0.9160124,24.688347,0.6738465,6.083034,1.4188751,11.628284,1.0140676,2.6443868,5.931497,0.02226104,0.6341329,1.135651,0.96579534,4.0190005,0.5380124,3.98594,1.3638548,32.32108,0.2553352,603.0843,0.34393933,1323.2124,0.094128385,-151.17513,-0.532348,1653.6658,0.16817035,1036.3307,0.18038471,-154.36359,-0.4837751,2781.9702,0.12386106,1034.874,0.24041145,-156.817,-0.45006022,-19.79612,-0.30480722,29.218243,0.27694643,0.026925316,1.0287814,-0.014263985,-1.6300635,0.0407406,0.6450233,38.975792,0.24150324,10.529303,0.7590427,14.032873,1.0426962,-1.8993587,-10.763441,-11.306489,21.11741,-0.00067137025,0.00907127,0.015554293,3.5874438,2.293578,0.103999995,0.058855753,0.312,0.2146066,-45.30083
19.011457,0.06734622,17.894243,18.472174,20.301876,2.4076328,91.27864,86.54835,13.258961,12.253727,0.071314864,0.50390273,0.037620597,0.06582914,0.10138224,0.063761644,0.93407667,0.52839357,0.68303275,0.7907035,0.012924599,0.6138975,24.210365,0.5679776,5.858153,1.3846474,19.233383,0.5581104,8.693393,1.4001933,0.011842575,0.92489123,0.87180215,0.49711224,3.4644291,0.37474725,12.165368,0.38293743,25.262844,0.26855278,572.7806,0.3713518,1281.7987,0.17040503,-124.98556,-0.71011096,1645.2429,0.11160783,929.655,0.31893733,-130.13766,-0.63337606,2602.622,0.09893652,1041.044,0.25587133,-130.81741,-0.62550634,-15.727919,-0.27259538,20.924364,0.29763478,0.0028772585,5.9623446,-0.007932874,-2.2883196,0.015360174,0.4394435,33.30899,0.20361027,5.590403,1.3066162,23.620335,0.5174445,10.982946,1.018945,-11.705205,19.123993,-0.0076682367,0.013866246,0.011582171,3.4602077,2.464789,0.15142857,0.099775255,0.20625,0.15148741,-51.80738
20.89327,0.09640183,19.531967,20.423943,21.855955,2.323988,149.26135,188.5761,18.696999,5.1929245,0.09045591,0.37902987,0.0634031,0.08706789,0.12155698,0.058153883,1.0884413,0.71906,0.98978794,0.6497589,0.017967831,0.6957218,26.995073,0.50481147,12.90797,0.7569111,27.464834,0.51894146,8.019633,1.476352,0.020156424,1.8656485,0.889221,0.9287561,4.5113015,0.32259837,9.009713,0.5219728,29.043867,0.27594614,561.6483,0.32484132,1338.6676,0.120852225,-70.92927,-1.1882548,1729.9235,0.12019109,971.7571,0.41018736,-82.51715,-0.9267693,2714.203,0.11560981,1147.9497,0.3964814,-82.24496,-0.9323919,-19.736755,-0.26829502,24.508469,0.24762209,0.0019005667,7.8974133,-0.010519726,-1.1334656,0.017527746,0.53908396,33.32934,0.24079502,13.773607,0.680414,31.13191,0.4832394,8.061745,1.4941809,-14.217135,21.660995,-0.018591374,0.013740583,0.01975479,6.3414636,2.7160497,0.24181817,0.15443845,0.10636364,0.051746357,-47.3284
20.128664,0.08382433,18.678465,20.06222,21.080502,2.4020367,36.296173,23.741236,20.451094,9.9058895,0.086118646,0.52789253,0.043483034,0.083518595,0.120765336,0.0772823,0.8743191,0.47832534,1.0792813,0.5124501,0.016889164,0.7574507,23.892765,0.6705652,3.3088055,3.1937885,15.8421545,0.9839393,6.675151,1.6218632,0.021323157,0.91693914,1.0142982,0.7653814,3.6166272,0.5015807,7.7691326,0.5653208,24.470007,0.2752968,517.18085,0.35356307,1304.7212,0.14835994,-124.59982,-0.73904365,1569.3281,0.13449392,974.4456,0.3849061,-130.44463,-0.6513687,2541.921,0.11501079,964.4521,0.2645826,-131.25601,-0.6393941,-16.476727,-0.27132586,23.037626,0.26082882,0.009161552,2.1212869,-0.0051629446,-2.9775429,0.017810546,0.5164889,34.851814,0.19229296,6.612005,1.2747891,23.872284,0.76606506,6.3693933,2.085964,-9.565821,19.136236,-0.00564421,0.015272092,0.016625535,3.8229377,1.8292682,0.20444444,0.111066654,0.289,0.28349426,-49.43514
24.84928,0.10219138,22.85159,25.469086,27.157343,4.3057537,73.607346,66.93368,12.358333,13.060776,0.10996682,0.4681148,0.0661916,0.10851093,0.15707521,0.09088361,1.0791469,0.73663116,0.89030105,0.5032193,0.017917713,0.65605116,31.980547,0.49647608,9.052792,0.9709316,16.930267,0.94406843,3.4261665,3.8082333,0.014422133,1.159454,0.7555483,1.051425,6.657696,0.34098813,4.4565725,1.8880119,30.44604,0.22033848,530.795,0.28695273,1418.6638,0.19066373,-68.96544,-1.2753278,1600.9261,0.1276549,1183.4335,0.36923796,-80.975174,-0.98073953,2652.3408,0.105285645,1029.5286,0.34696075,-84.630745,-0.9101912,-20.739882,-0.2190359,28.733683,0.23115772,0.026156094,0.8409035,-0.016186299,-1.0802956,0.021435611,0.55542034,40.196976,0.18798202,11.779471,0.6257271,18.827051,0.9416241,3.509881,4.115592,-10.142875,19.46175,-0.0039981054,0.013843882,0.011052868,4.2654033,1.9184651,0.345,0.27152348,0.15625,0.09707439,-43.996437
18.269396,0.0050166026,18.190136,18.273987,18.350494,0.16035843,0.0,0.0,-0.05841732,0.0,0.098379746,0.4550477,0.046997577,0.10253675,0.15066111,0.103663534,0.49729097,0.51059556,0.4515178,0.0,0.017410262,0.5108324,30.776983,0.17364272,-9.967776,-0.34452072,-0.041441467,-145.80688,14.307773,0.42603534,0.03866416,0.0,0.86323327,0.5798379,3.1336966,0.10597764,6.9690323,0.062487673,18.16388,0.0358905,397.65082,0.05014265,1221.2456,0.017553326,-176.86026,-0.34346732,1331.5999,0.019820664,918.90894,0.0038310988,-177.69592,-0.330266,2372.407,0.015054128,892.24084,0.043197528,-178.48709,-0.31774223,-8.27252,-0.0417834,16.339989,0.027465142,0.026648121,0.09754934,0.0009429859,4.5924344,0.022941953,0.16654305,35.635773,0.048083764,-9.8958845,-0.17650884,4.0085855,0.12406772,13.61018,0.08975293,-8.230084,17.998632,7.4677206e-05,0.008654166,0.019783892,2.631579,3.0303032,0.03,0.0,0.28,0.0,-51.798794
22.590263,0.07032293,21.688278,22.22179,22.881289,1.1930103,22.18103,10.746197,13.419243,5.2965856,0.09678729,0.36737344,0.054738797,0.11158177,0.12087502,0.066136226,0.5629626,0.24764933,0.31897154,0.07743735,0.010885341,0.54719496,24.825655,0.72335196,6.6143513,1.5750486,24.428957,0.57625914,9.751842,1.4241343,0.013651637,1.6097943,0.62360203,0.7663133,5.8096285,0.18019523,16.831676,0.5361777,26.407661,0.24460581,553.6058,0.36840647,1485.0543,0.16363947,-71.80215,-1.1690217,1662.2396,0.15741111,900.7196,0.33686453,-74.53576,-1.0668108,2718.9338,0.09851663,986.34863,0.26218152,-77.03463,-1.0095867,-15.507615,-0.33002183,23.31053,0.24652638,0.00149168,7.914671,-0.01205919,-1.2191284,0.012264109,0.43570653,36.037014,0.1467823,4.8154507,2.4270139,29.027348,0.47212315,17.436546,0.5443987,-1.5418954,7.557422,0.0011592105,0.017979654,0.008983449,3.3057854,1.724138,0.39999998,0.33999994,0.16,0.059999995,-47.542286
22.805376,0.01598373,22.363796,23.071312,23.108246,0.7444496,20.266771,0.0,-0.7884184,2.4685128,0.04486163,0.086732134,0.04141809,0.045383476,0.04824563,0.0068275407,0.13368204,0.05073415,0.08938942,0.065113954,0.0047724484,0.41909364,22.824287,0.2332425,-3.6744208,-2.7814,21.377115,0.28955266,30.705381,0.18220526,0.048420295,0.9156469,0.78476477,0.2872732,6.031974,0.10204412,8.134827,0.2529652,26.961458,0.18971537,883.9711,0.29744804,1278.8489,0.14909072,-178.86823,-0.28806266,1902.2047,0.13900316,1092.5984,0.13838425,-177.08694,-0.2991738,2998.0154,0.08346085,1100.0001,0.14740624,-177.83292,-0.28899497,-17.790836,-0.042400658,27.363361,0.036950484,-0.020163678,-0.34004915,0.03092647,0.09728972,0.0069372933,0.47041038,28.36164,0.047425088,5.300608,0.27599517,23.3284,0.16204073,33.731274,0.04560187,-12.307423,21.053131,-0.02640851,0.031571746,0.004571509,9.090909,2.777778,0.04,0.009999999,0.19666666,0.18208668,-57.90244
23.562105,0.099035874,21.57239,23.049877,26.100649,4.5282593,122.10095,207.13666,22.90666,10.453649,0.12325554,0.49209285,0.06622918,0.12179395,0.16643026,0.100201085,1.293783,0.9179863,0.8754233,0.5631849,0.020782188,0.6672607,33.91488,0.33869594,7.862734,1.2282183,15.867738,0.69868743,5.0151315,2.6362803,0.01212098,0.8731304,0.75750065,0.98313814,5.888799,0.28781262,7.6603484,0.5743586,29.555073,0.24282807,561.2019,0.32724693,1307.4008,0.14752585,-66.276436,-1.2737002,1622.2626,0.14842005,1041.5901,0.3081568,-75.387024,-1.0407127,2654.197,0.11974084,1050.6769,0.33405235,-80.41907,-0.93508494,-18.157915,-0.28123114,25.576492,0.20352945,0.019682411,0.90810937,-0.015719878,-1.0138378,0.020658119,0.61546564,38.24396,0.18736608,8.396712,1.0781591,15.512699,0.7074856,3.9217494,3.4160347,-14.780968,23.450933,0.009457844,0.003136437,0.022131797,2.7439024,2.4767802,0.2725,0.16361158,0.11125,0.091574766,-43.9376
25.263193,0.13289766,25.686794,26.345352,27.112843,1.4260483,92.84411,86.213936,4.9269953,0.0,0.11138513,0.4577413,0.066023335,0.09556534,0.17319477,0.10717143,0.3442263,0.47586444,0.36294368,0.0,0.01771454,0.6889991,39.90713,0.1498609,11.52579,0.88055223,10.579679,0.99565166,8.258805,1.5613339,0.015175138,1.14986,0.41938078,0.62991625,7.1873574,0.3350785,1.9632311,1.7054526,32.279373,0.3001177,636.51764,0.31360108,1538.8235,0.11427175,-20.962986,-1.3549999,1632.7771,0.15066049,1206.865,0.16621697,-30.62492,-0.92157674,2809.9976,0.10091713,970.9726,0.14638226,-41.018612,-0.61611086,-19.964823,-0.35402694,29.299248,0.16580406,0.0247306,0.8499879,-0.010401258,-1.1451695,0.01794331,0.57889676,41.726147,0.080312155,11.759616,0.9279908,8.807753,1.1912813,6.530509,1.9633402,-21.344587,26.594893,0.02850084,-0.022114461,0.051445402,1.9607843,4.4444447,0.205,0.16499999,0.0,0.0,-45.183277
25.067616,0.08779356,23.251284,24.188282,27.280085,4.028801,56.45341,54.89325,25.87291,4.323619,0.1039135,0.38681403,0.066999055,0.10269044,0.14591642,0.07891736,1.0154064,0.85275716,0.8341684,0.43656066,0.01725577,0.59528667,31.597664,0.48887613,11.591021,0.66860527,16.333345,0.7154233,8.603871,1.3538302,0.016943676,0.9574797,0.7217158,1.0004289,6.3687363,0.34730294,7.7147703,0.40302557,32.67197,0.1529303,512.19183,0.36494368,1433.8584,0.18925299,-63.807377,-1.2846206,1577.5984,0.15077797,1087.0801,0.21806729,-75.79095,-0.98102814,2685.3901,0.11594762,1111.2968,0.3049372,-80.843315,-0.8789983,-19.5106,-0.28400385,28.581211,0.19251479,0.01643837,0.90073735,-0.008401213,-1.3287886,0.01951856,0.5830407,39.400696,0.18309815,10.794497,0.71941286,16.44968,0.82948905,9.507388,1.2007412,-11.4964485,18.616339,-0.0060527166,0.0062278314,0.013775847,5.8333335,3.478261,0.195,0.11715373,0.0725,0.047103602,-45.830475
21.89794,0.07280401,20.323168,21.83011,23.231092,2.9079247,15.318569,0.0,6.3252926,11.579965,0.101311035,0.38974184,0.0682997,0.10092312,0.13747932,0.06917962,1.2630782,0.7670509,0.7050371,0.29156396,0.019999847,0.6495616,33.192825,0.54904765,10.811798,0.8587952,13.5351515,0.9746645,-3.813157,-4.7512417,0.015774064,0.6935991,0.7124038,0.4983739,4.55931,0.34203386,2.3337662,1.1458529,32.811565,0.23463249,675.57245,0.3099626,1264.9247,0.10177364,-74.562965,-1.2301587,1912.915,0.17078757,1126.4922,0.47589353,-90.9967,-0.877801,2939.1448,0.12061353,1163.8525,0.2801973,-92.79061,-0.8458322,-23.528706,-0.22309652,30.709396,0.21433456,0.03194664,0.5366058,-0.03238397,-0.65664345,0.024792532,0.58127666,44.20323,0.19080456,15.326891,0.4318379,12.443974,1.2071816,-12.607222,-1.4291943,-9.957758,17.850548,0.006617288,0.017413216,0.014422326,2.5641026,2.739726,0.22,0.11,0.08,0.040824827,-45.400402
22.756603,0.11135046,20.344917,22.708878,24.754324,4.4094067,75.86039,80.11742,10.355344,11.015912,0.11682175,0.4946333,0.06757587,0.110826835,0.16523094,0.09765507,1.2255391,0.60338086,1.2403176,0.76136804,0.022960814,0.73354614,31.573895,0.4467024,6.7976365,1.5710294,9.782025,1.226745,4.0780883,3.198275,0.015623445,0.7011508,0.97048366,0.7540863,4.8541207,0.36059335,7.4101667,0.5383794,28.892988,0.24560708,527.3032,0.3301678,1372.2593,0.13609172,-81.426575,-1.1048288,1561.0377,0.15499021,1093.9562,0.19054382,-89.02242,-0.93971246,2603.6125,0.11172191,1014.29956,0.333879,-93.701454,-0.8546562,-17.617401,-0.30498177,26.186253,0.22707309,0.014197159,1.0876467,-0.010048645,-1.6371384,0.024048014,0.72294617,39.573784,0.10889351,6.918146,1.4659135,11.697244,1.0825949,3.8399537,3.7132123,-11.779974,20.577251,-0.0006564395,0.007752311,0.021821579,4.529617,2.4822695,0.24,0.24213336,0.123749994,0.050233826,-45.41327
22.873962,0.13711298,20.414509,22.102211,24.000029,3.5855198,36.759125,14.551143,21.1173,2.9405174,0.13607049,0.60521036,0.07833308,0.124067634,0.16553225,0.08719917,2.0879843,1.5475076,0.92716914,0.87030154,0.02468525,0.9470213,35.63713,0.22412162,6.746164,1.1538241,13.439327,0.5004073,6.9663305,1.699843,0.024747614,1.264056,1.136948,0.6613619,4.7578006,0.3912806,9.60108,0.5016345,30.409668,0.20183466,559.4501,0.34901807,1352.3937,0.1194335,-25.546844,-1.9881412,1586.3661,0.17662975,1047.0343,0.22638513,-37.666157,-1.242253,2637.1372,0.11793121,905.45557,0.24575667,-43.71711,-1.0273083,-17.638445,-0.22550322,25.072819,0.1964969,0.012680257,1.4367622,-0.006530402,-1.5615699,0.02563085,0.91312057,38.082573,0.121675484,7.271126,1.125012,14.322143,0.46831164,5.975965,1.9314147,-13.33237,22.63919,-0.01982884,0.010706372,0.03032802,4.5454545,1.9417477,0.45999998,0.38,0.06,0.0,-42.633785
20.28451,0.0930775,18.688126,20.064512,21.55337,2.865244,67.75429,60.780083,20.24688,13.578524,0.09240753,0.41215456,0.06490426,0.09078379,0.119833924,0.054929666,0.7883724,0.62522316,0.8408062,0.5000391,0.0151150115,0.535055,16.822931,1.0928532,7.735301,1.068482,25.17576,0.6681402,5.411724,1.8456769,0.018583678,0.9839302,0.908503,0.88479775,3.7002845,0.4922929,9.143432,1.1640478,23.950487,0.24953164,483.90378,0.35274634,1299.5964,0.14104502,-115.092316,-0.7834194,1568.0068,0.123129606,898.7919,0.40568444,-120.95969,-0.69339746,2543.1833,0.10140961,1043.0063,0.36366385,-121.16525,-0.68816227,-16.033167,-0.3129471,21.723845,0.21866754,0.0013348276,9.642821,-0.0062488513,-2.071158,0.018237907,0.5008172,31.09262,0.25098833,8.42733,1.1438372,32.496723,0.59093434,10.115045,1.0042124,-6.235442,13.757843,-0.0065193414,0.014487678,0.012895494,4.878049,3.4567904,0.11928572,0.092925794,0.14999999,0.13999999,-49.769367
19.648184,0.06698805,18.61839,19.53966,20.454256,1.8358669,35.732327,40.232548,20.943466,8.510083,0.09095441,0.4810981,0.047431722,0.09265962,0.12256154,0.075129814,0.89829725,0.6698829,0.8103065,0.41645274,0.016338063,0.54719913,27.648394,0.55956465,3.5261307,2.8225784,13.2580595,1.0769253,7.978937,1.4252229,0.017942116,0.80556595,0.86508495,0.7367067,3.6688838,0.36435437,9.914459,0.33202296,27.625036,0.1642803,587.4015,0.33682415,1342.3782,0.12293618,-102.039215,-0.9006526,1604.4979,0.14537747,1091.9873,0.24163382,-106.24862,-0.81831,2666.9814,0.10813199,924.7662,0.20363095,-109.618416,-0.76334506,-15.477077,-0.28491756,24.132078,0.1545724,-0.00022662869,-72.47946,-0.0026128842,-5.2842054,0.018885372,0.4310912,38.23837,0.13202393,2.3928611,3.5210655,15.5007,1.0418538,10.364311,1.1190189,-11.473244,20.840843,-0.016576663,0.012304059,0.014360884,4.2372885,2.1645021,0.22999999,0.061644137,0.212,0.15210523,-48.667862
18.945156,0.05996047,17.68821,19.282816,19.866947,2.1787376,52.36875,33.07004,12.196493,8.488255,0.09267934,0.49175286,0.05507517,0.089192376,0.1303486,0.075273424,0.9815614,0.50484174,0.7161389,0.49353066,0.015549342,0.54479104,28.129698,0.4579647,5.9388328,1.9360763,14.038112,1.1067435,10.762587,1.0950458,0.014620778,0.7745025,1.3191696,0.7262364,3.2960715,0.4321984,11.587295,0.3623907,25.54884,0.39098066,568.6518,0.34291,1299.0632,0.14806831,-79.5597,-1.1132121,1614.2825,0.13761422,956.6413,0.3588571,-86.45173,-0.95930505,2619.345,0.1141962,950.1968,0.24716432,-88.416016,-0.9246846,-15.743358,-0.4178376,21.761696,0.34272224,0.005119942,3.1894834,-0.0060211346,-2.1735075,0.017266782,0.42207986,33.72789,0.144998,7.7211905,1.526322,18.266918,0.858473,15.199361,0.7083292,-9.370891,19.14947,0.004756118,0.0063633434,0.013076741,4.2134833,2.2792022,0.26874998,0.2592507,0.1475,0.1998593,-49.859325
